idvpiid,piid,CSIScontractID,ContractLabelID,hyphenatedIDVpiid,CSISidvpiidID,IsPerformanceBasedLogistics,ContractingAgencyID,ContractingOfficeID,MajorCommandID,FundingAgencyID,FundingOfficeID,TypeOfContractPricing,SystemEquipmentCode,StatutoryExceptionToFairOpportunity,ExtentCompeted,MinOfEffectiveDate,MaxOfEffectiveDate,CSISsolicitationID,ContractNumber,MinOfSignedDate,LastUltimateCompletionDate,MaxOfSignedDate,AnyIdentifiedSystemEquipment,CSISmodifiedDate,CSISmodifiedBy
F0863503D0001,95,9830538,NULL,NULL,394730,NULL,5700,FA8678,ORG-2825,NULL,NULL,J,0,,A,00:00.0,00:00.0,NULL,NULL,4/3/2007,3/1/2010,8/6/2009,NULL,48:05.0,CSIS\GSanders
,W912UM10C0023,8496492,NULL,NULL,23356,NULL,2100,W912UM,ORG-2872,NULL,NULL,J,0,,A,00:00.0,00:00.0,1318463,NULL,5/31/2010,11/30/2012,1/23/2011,NULL,48:05.0,CSIS\GSanders
,W912UM08C0028,8496311,NULL,NULL,23356,NULL,2100,W912UM,ORG-2872,NULL,NULL,J,0,,A,00:00.0,00:00.0,1318421,NULL,9/24/2008,9/30/2010,2/22/2010,NULL,48:05.0,CSIS\GSanders
,W912UM08C0017,8496302,NULL,NULL,23356,NULL,2100,W912UM,ORG-2872,NULL,NULL,J,0,,C,00:00.0,00:00.0,1318416,NULL,7/29/2008,9/30/2009,1/19/2010,NULL,48:05.0,CSIS\GSanders
,W912UM08C0011,8496296,NULL,NULL,23356,NULL,2100,W912UM,ORG-2872,NULL,NULL,J,0,,A,00:00.0,00:00.0,1318411,NULL,3/30/2008,4/1/2010,11/18/2008,NULL,48:05.0,CSIS\GSanders
,W912UM08C0008,8496294,NULL,NULL,23356,NULL,2100,W912UM,ORG-2872,NULL,NULL,J,0,,A,00:00.0,00:00.0,1318394,NULL,12/25/2007,9/30/2011,5/22/2011,NULL,48:05.0,CSIS\GSanders
,W912UM08C0001,8496289,NULL,NULL,23356,NULL,2100,W912UM,ORG-2872,NULL,NULL,J,0,,A,00:00.0,00:00.0,1318400,NULL,10/4/2007,9/30/2009,10/13/2009,NULL,48:05.0,CSIS\GSanders
,W912UM07C0025,8496216,NULL,NULL,23356,NULL,2100,W912UM,ORG-2872,NULL,NULL,J,0,,A,00:00.0,00:00.0,1318401,NULL,9/27/2007,12/31/2011,7/5/2011,NULL,48:05.0,CSIS\GSanders
,W912UM07C0023,8496214,NULL,NULL,23356,NULL,2100,W912UM,ORG-2872,NULL,NULL,J,0,,A,00:00.0,00:00.0,1318399,NULL,9/27/2007,9/30/2009,8/25/2009,NULL,48:05.0,CSIS\GSanders
,W912UM07C0012,8496206,NULL,NULL,23356,NULL,2100,W912UM,ORG-2872,NULL,NULL,J,0,,A,00:00.0,00:00.0,1318392,NULL,7/24/2007,9/30/2009,2/24/2010,NULL,48:05.0,CSIS\GSanders
,W912UM07C0005,8496200,NULL,NULL,23356,NULL,2100,W912UM,ORG-2872,NULL,NULL,J,0,,A,00:00.0,00:00.0,NULL,NULL,3/15/2007,9/30/2009,10/21/2008,NULL,48:05.0,CSIS\GSanders
F0863503D0001,94,9830537,NULL,NULL,394730,NULL,5700,FA8678,ORG-2825,NULL,NULL,J,0,,A,00:00.0,00:00.0,NULL,NULL,3/30/2007,3/1/2010,7/28/2009,NULL,48:05.0,CSIS\GSanders
F3365701D0026,77,9883838,NULL,NULL,171282,NULL,NULL,NULL,ORG-2825,NULL,NULL,Y,0,,C,00:00.0,00:00.0,NULL,NULL,9/11/2008,12/31/2009,10/29/2013,NULL,48:05.0,CSIS\GSanders
F3365701D0026,71,9883832,NULL,NULL,171282,NULL,5700,FA8634,ORG-2825,NULL,NULL,J,0,,C,00:00.0,00:00.0,NULL,NULL,3/10/2008,12/31/2009,8/12/2009,NULL,48:05.0,CSIS\GSanders
F3365701D0026,65,9883826,NULL,NULL,171282,NULL,5700,NULL,ORG-2825,NULL,NULL,NULL,0,,C,00:00.0,00:00.0,NULL,NULL,12/19/2007,3/31/2009,12/24/2008,NULL,48:05.0,CSIS\GSanders
F3365701D0026,62,9883824,NULL,NULL,171282,NULL,NULL,NULL,ORG-2825,NULL,NULL,NULL,0,,C,00:00.0,00:00.0,NULL,NULL,2/9/2007,7/27/2011,7/27/2010,NULL,48:05.0,CSIS\GSanders
F3365701D0026,60,9883822,NULL,NULL,171282,NULL,5700,FA8634,ORG-2825,NULL,NULL,J,0,,C,00:00.0,00:00.0,NULL,NULL,7/10/2007,1/2/2012,12/22/2009,NULL,48:05.0,CSIS\GSanders
F3365701D0026,56,9883818,NULL,NULL,171282,NULL,5700,FA8634,ORG-2825,NULL,NULL,NULL,0,,C,00:00.0,00:00.0,NULL,NULL,12/19/2006,10/15/2008,6/24/2008,NULL,48:05.0,CSIS\GSanders
N0002400D6000,M2GW,18671780,NULL,NULL,209658,NULL,1700,M67854,ORG-2943,NULL,NULL,J,0,,A,00:00.0,00:00.0,NULL,NULL,2/2/2007,9/30/2007,3/31/2007,NULL,48:05.0,CSIS\GSanders
N0002400D6000,M7FB,18672085,NULL,NULL,209658,NULL,1700,M67854,ORG-2943,NULL,NULL,J,0,,A,00:00.0,00:00.0,NULL,NULL,7/31/2008,9/30/2008,7/31/2008,NULL,48:05.0,CSIS\GSanders
N0002400D6000,M1MA,18671773,NULL,NULL,209658,NULL,1700,M67854,ORG-2943,NULL,NULL,J,0,,A,00:00.0,00:00.0,NULL,NULL,10/1/2006,9/30/2007,3/31/2007,NULL,48:05.0,CSIS\GSanders
N0002400D6000,M2QX,18671782,NULL,NULL,209658,NULL,1700,M67854,ORG-2943,NULL,NULL,J,0,,A,00:00.0,00:00.0,NULL,NULL,4/30/2007,9/30/2007,4/30/2007,NULL,48:05.0,CSIS\GSanders
N0002400D6000,M2VJ,18671784,NULL,NULL,209658,NULL,1700,M67854,ORG-2943,NULL,NULL,J,0,,A,00:00.0,00:00.0,NULL,NULL,5/30/2007,9/30/2007,9/29/2007,NULL,48:05.0,CSIS\GSanders
N0002400D6000,M2ZM,18671785,NULL,NULL,209658,NULL,1700,M67854,ORG-2943,NULL,NULL,J,0,,A,00:00.0,00:00.0,NULL,NULL,6/30/2007,9/30/2007,6/30/2007,NULL,48:05.0,CSIS\GSanders
N0002400D6000,M5NB,18671888,NULL,NULL,209658,NULL,1700,M67854,ORG-2943,NULL,NULL,J,0,,A,00:00.0,00:00.0,NULL,NULL,10/1/2007,9/30/2010,7/31/2008,NULL,48:05.0,CSIS\GSanders
N0002400D6000,M6SP,18671982,NULL,NULL,209658,NULL,1700,M67854,ORG-2943,NULL,NULL,J,0,,A,00:00.0,00:00.0,NULL,NULL,3/3/2008,9/30/2008,3/3/2008,NULL,48:05.0,CSIS\GSanders
N0002400D6000,M6TA,18671983,NULL,NULL,209658,NULL,1700,M67854,ORG-2943,NULL,NULL,J,0,,A,00:00.0,00:00.0,NULL,NULL,3/1/2008,9/30/2008,3/1/2008,NULL,48:05.0,CSIS\GSanders
N0002400D6000,M6VB,18671984,NULL,NULL,209658,NULL,1700,M67854,ORG-2943,NULL,NULL,J,0,,A,00:00.0,00:00.0,NULL,NULL,4/30/2008,9/30/2008,4/30/2008,NULL,48:05.0,CSIS\GSanders
N0002400D6000,M6VV,18671985,NULL,NULL,209658,NULL,1700,M67854,ORG-2943,NULL,NULL,J,0,,A,00:00.0,00:00.0,NULL,NULL,4/1/2008,9/30/2008,4/1/2008,NULL,48:05.0,CSIS\GSanders
N0002400D6000,M6YP,18671986,NULL,NULL,209658,NULL,1700,M67854,ORG-2943,NULL,NULL,J,0,,A,00:00.0,00:00.0,NULL,NULL,10/1/2007,9/30/2008,10/1/2007,NULL,48:05.0,CSIS\GSanders
N0002400D6000,M7BK,18672083,NULL,NULL,209658,NULL,1700,M67854,ORG-2943,NULL,NULL,J,0,,A,00:00.0,00:00.0,NULL,NULL,10/1/2007,9/30/2008,10/1/2007,NULL,48:05.0,CSIS\GSanders
N0002400D6000,M7BU,18672084,NULL,NULL,209658,NULL,1700,M67854,ORG-2943,NULL,NULL,J,0,,A,00:00.0,00:00.0,NULL,NULL,10/1/2007,9/30/2008,10/1/2007,NULL,48:05.0,CSIS\GSanders
N0017808D5313,1,18804258,NULL,NULL,410119,NULL,1700,N00178,ORG-2941,NULL,NULL,U,0,FAIR,A,00:00.0,00:00.0,209036,NULL,5/29/2008,3/31/2009,5/29/2008,NULL,48:05.0,CSIS\GSanders
,W912UM11C0014,8496533,NULL,NULL,23356,NULL,2100,W912UM,ORG-2872,NULL,NULL,J,0,,A,00:00.0,00:00.0,1318463,NULL,1/27/2011,11/23/2011,11/21/2011,NULL,48:05.0,CSIS\GSanders
,W912UM11C0010,8496529,NULL,NULL,23356,NULL,2100,W912UM,ORG-2872,NULL,NULL,J,0,,A,00:00.0,00:00.0,1318480,NULL,5/12/2011,9/30/2013,9/26/2013,NULL,48:05.0,CSIS\GSanders
N0017808D5315,1,18804262,NULL,NULL,365710,NULL,1700,N00178,ORG-2941,NULL,NULL,U,0,FAIR,A,00:00.0,00:00.0,209036,NULL,5/29/2008,3/31/2009,5/29/2008,NULL,48:05.0,CSIS\GSanders
N0017808D5316,1,18804263,NULL,NULL,97883,NULL,1700,N00178,ORG-2941,NULL,NULL,U,0,FAIR,A,00:00.0,00:00.0,209036,NULL,5/29/2008,3/31/2009,5/29/2008,NULL,48:05.0,CSIS\GSanders
N0017808D5317,1,18804264,NULL,NULL,54999,NULL,1700,N00178,ORG-2941,NULL,NULL,U,0,FAIR,A,00:00.0,00:00.0,209036,NULL,5/29/2008,3/31/2009,5/29/2008,NULL,48:05.0,CSIS\GSanders
N0017808D5319,1,18804267,NULL,NULL,119894,NULL,1700,N00178,ORG-2941,NULL,NULL,U,0,FAIR,A,00:00.0,00:00.0,209036,NULL,5/29/2008,3/31/2009,5/29/2008,NULL,48:05.0,CSIS\GSanders
N0017808D5320,1,18804268,NULL,NULL,275637,NULL,1700,N00178,ORG-2941,NULL,NULL,U,0,FAIR,A,00:00.0,00:00.0,209036,NULL,5/29/2008,3/31/2009,5/29/2008,NULL,48:05.0,CSIS\GSanders
N0017808D5321,1,18804269,NULL,NULL,169942,NULL,1700,N00178,ORG-2941,NULL,NULL,U,0,FAIR,A,00:00.0,00:00.0,209036,NULL,5/29/2008,3/31/2009,5/29/2008,NULL,48:05.0,CSIS\GSanders
N0017808D5322,1,18804270,NULL,NULL,269948,NULL,1700,N00178,ORG-2941,NULL,NULL,U,0,FAIR,A,00:00.0,00:00.0,209036,NULL,5/29/2008,3/31/2009,5/29/2008,NULL,48:05.0,CSIS\GSanders
N0017808D5323,1,18804271,NULL,NULL,295837,NULL,1700,N00178,ORG-2941,NULL,NULL,U,0,FAIR,A,00:00.0,00:00.0,209036,NULL,5/29/2008,3/31/2009,5/29/2008,NULL,48:05.0,CSIS\GSanders
N0017808D5324,1,18804272,NULL,NULL,122603,NULL,1700,N00178,ORG-2941,NULL,NULL,U,0,FAIR,A,00:00.0,00:00.0,209036,NULL,5/29/2008,3/31/2009,5/29/2008,NULL,48:05.0,CSIS\GSanders
N0017808D5325,1,18804273,NULL,NULL,40865,NULL,1700,N00178,ORG-2941,NULL,NULL,U,0,FAIR,A,00:00.0,00:00.0,209036,NULL,5/29/2008,3/31/2009,5/29/2008,NULL,48:05.0,CSIS\GSanders
N0017808D5327,1,18804275,NULL,NULL,400401,NULL,1700,N00178,ORG-2941,NULL,NULL,U,0,FAIR,A,00:00.0,00:00.0,209036,NULL,5/29/2008,3/31/2009,5/29/2008,NULL,48:05.0,CSIS\GSanders
N0017808D5328,1,18804276,NULL,NULL,133624,NULL,1700,N00178,ORG-2941,NULL,NULL,U,0,FAIR,A,00:00.0,00:00.0,209036,NULL,5/29/2008,3/31/2009,5/29/2008,NULL,48:05.0,CSIS\GSanders
N0017808D5329,1,18804277,NULL,NULL,139040,NULL,1700,N00178,ORG-2941,NULL,NULL,U,0,FAIR,A,00:00.0,00:00.0,209036,NULL,5/29/2008,3/31/2009,5/29/2008,NULL,48:05.0,CSIS\GSanders
N0017808D5330,1,18804278,NULL,NULL,213466,NULL,1700,N00178,ORG-2941,NULL,NULL,U,0,FAIR,A,00:00.0,00:00.0,209036,NULL,5/29/2008,3/31/2009,5/29/2008,NULL,48:05.0,CSIS\GSanders
N0017808D5332,1,18804280,NULL,NULL,348872,NULL,1700,N00178,ORG-2941,NULL,NULL,U,0,FAIR,A,00:00.0,00:00.0,209036,NULL,5/29/2008,3/31/2009,5/29/2008,NULL,48:05.0,CSIS\GSanders
N0017808D5333,1,18804281,NULL,NULL,412521,NULL,1700,N00178,ORG-2941,NULL,NULL,U,0,FAIR,A,00:00.0,00:00.0,209036,NULL,5/29/2008,3/31/2009,5/29/2008,NULL,48:05.0,CSIS\GSanders
N0017808D5334,1,18804282,NULL,NULL,60133,NULL,1700,N00178,ORG-2941,NULL,NULL,U,0,FAIR,A,00:00.0,00:00.0,209036,NULL,5/29/2008,3/31/2009,5/29/2008,NULL,48:05.0,CSIS\GSanders
N0017808D5335,1,18804284,NULL,NULL,215506,NULL,1700,N00178,ORG-2941,NULL,NULL,U,0,FAIR,A,00:00.0,00:00.0,209036,NULL,5/29/2008,3/31/2009,5/29/2008,NULL,48:05.0,CSIS\GSanders
N0017808D5336,1,18804285,NULL,NULL,156457,NULL,1700,N00178,ORG-2941,NULL,NULL,U,0,FAIR,A,00:00.0,00:00.0,209036,NULL,5/29/2008,3/31/2009,5/29/2008,NULL,48:05.0,CSIS\GSanders
N0017808D5337,1,18804287,NULL,NULL,295717,NULL,1700,N00178,ORG-2941,NULL,NULL,U,0,FAIR,A,00:00.0,00:00.0,209036,NULL,5/29/2008,3/31/2009,5/29/2008,NULL,48:05.0,CSIS\GSanders
N0017808D5338,1,18804288,NULL,NULL,257326,NULL,1700,N00178,ORG-2941,NULL,NULL,U,0,FAIR,A,00:00.0,00:00.0,209036,NULL,5/29/2008,3/31/2009,5/29/2008,NULL,48:05.0,CSIS\GSanders
N0017808D5339,1,18804289,NULL,NULL,309590,NULL,1700,N00178,ORG-2941,NULL,NULL,U,0,FAIR,A,00:00.0,00:00.0,209036,NULL,5/29/2008,3/31/2009,5/29/2008,NULL,48:05.0,CSIS\GSanders
N0017808D5341,1,18804291,NULL,NULL,231416,NULL,1700,N00178,ORG-2941,NULL,NULL,U,0,FAIR,A,00:00.0,00:00.0,209036,NULL,5/29/2008,3/31/2009,5/29/2008,NULL,48:05.0,CSIS\GSanders
N0017808D5343,1,18804293,NULL,NULL,25355,NULL,1700,N00178,ORG-2941,NULL,NULL,U,0,FAIR,A,00:00.0,00:00.0,209036,NULL,5/29/2008,3/31/2009,5/29/2008,NULL,48:05.0,CSIS\GSanders
N0017808D5344,1,18804294,NULL,NULL,322661,NULL,1700,N00178,ORG-2941,NULL,NULL,U,0,FAIR,A,00:00.0,00:00.0,209036,NULL,5/29/2008,3/31/2009,5/29/2008,NULL,48:05.0,CSIS\GSanders
N0017808D5345,1,18804295,NULL,NULL,244350,NULL,1700,N00178,ORG-2941,NULL,NULL,U,0,FAIR,A,00:00.0,00:00.0,209036,NULL,5/29/2008,3/31/2009,5/29/2008,NULL,48:05.0,CSIS\GSanders
N0017808D5346,1,18804296,NULL,NULL,212024,NULL,1700,N00178,ORG-2941,NULL,NULL,U,0,FAIR,A,00:00.0,00:00.0,209036,NULL,5/29/2008,3/31/2009,5/29/2008,NULL,48:05.0,CSIS\GSanders
N0017808D5347,1,18804298,NULL,NULL,112282,NULL,1700,N00178,ORG-2941,NULL,NULL,U,0,FAIR,A,00:00.0,00:00.0,209036,NULL,5/29/2008,3/31/2009,5/29/2008,NULL,48:05.0,CSIS\GSanders
N0017808D5348,1,18804302,NULL,NULL,277728,NULL,1700,N00178,ORG-2941,NULL,NULL,U,0,FAIR,A,00:00.0,00:00.0,209036,NULL,5/29/2008,3/31/2009,5/29/2008,NULL,48:05.0,CSIS\GSanders
N0017808D5349,1,18804304,NULL,NULL,296977,NULL,1700,N00178,ORG-2941,NULL,NULL,U,0,FAIR,A,00:00.0,00:00.0,209036,NULL,5/29/2008,3/31/2009,5/29/2008,NULL,48:05.0,CSIS\GSanders
N0017808D5350,1,18804306,NULL,NULL,359729,NULL,1700,N00178,ORG-2941,NULL,NULL,U,0,FAIR,A,00:00.0,00:00.0,209036,NULL,5/29/2008,3/31/2009,5/29/2008,NULL,48:05.0,CSIS\GSanders
N0017808D5353,1,18804309,NULL,NULL,350772,NULL,1700,N00178,ORG-2941,NULL,NULL,U,0,FAIR,A,00:00.0,00:00.0,209036,NULL,5/29/2008,3/31/2009,5/29/2008,NULL,48:05.0,CSIS\GSanders
N0017808D5354,1,18804310,NULL,NULL,428705,NULL,1700,N00178,ORG-2941,NULL,NULL,U,0,FAIR,A,00:00.0,00:00.0,209036,NULL,5/29/2008,3/31/2009,5/29/2008,NULL,48:05.0,CSIS\GSanders
N0017808D5356,1,18804314,NULL,NULL,382766,NULL,1700,N00178,ORG-2941,NULL,NULL,U,0,FAIR,A,00:00.0,00:00.0,209036,NULL,5/29/2008,3/31/2009,5/29/2008,NULL,48:05.0,CSIS\GSanders
N0017808D5357,1,18804318,NULL,NULL,204373,NULL,1700,N00178,ORG-2941,NULL,NULL,U,0,FAIR,A,00:00.0,00:00.0,209036,NULL,5/29/2008,3/31/2009,5/29/2008,NULL,48:05.0,CSIS\GSanders
N0017808D5358,1,18804319,NULL,NULL,293989,NULL,1700,N00178,ORG-2941,NULL,NULL,U,0,FAIR,A,00:00.0,00:00.0,209036,NULL,5/29/2008,3/31/2009,5/29/2008,NULL,48:05.0,CSIS\GSanders
N0017808D5359,1,18804320,NULL,NULL,58879,NULL,1700,N00178,ORG-2941,NULL,NULL,U,0,FAIR,A,00:00.0,00:00.0,209036,NULL,5/29/2008,3/31/2009,5/29/2008,NULL,48:05.0,CSIS\GSanders
N0017808D5360,1,18804321,NULL,NULL,291880,NULL,1700,N00178,ORG-2941,NULL,NULL,U,0,FAIR,A,00:00.0,00:00.0,209036,NULL,5/29/2008,3/31/2009,5/29/2008,NULL,48:05.0,CSIS\GSanders
N0017808D5361,1,18804322,NULL,NULL,148580,NULL,1700,N00178,ORG-2941,NULL,NULL,U,0,FAIR,A,00:00.0,00:00.0,209036,NULL,5/29/2008,3/31/2009,5/29/2008,NULL,48:05.0,CSIS\GSanders
N0017808D5362,1,18804323,NULL,NULL,429732,NULL,1700,N00178,ORG-2941,NULL,NULL,U,0,FAIR,A,00:00.0,00:00.0,209036,NULL,5/29/2008,3/31/2009,5/29/2008,NULL,48:05.0,CSIS\GSanders
N0017808D5363,1,18804324,NULL,NULL,402688,NULL,1700,N00178,ORG-2941,NULL,NULL,U,0,FAIR,A,00:00.0,00:00.0,209036,NULL,5/29/2008,3/31/2009,5/29/2008,NULL,48:05.0,CSIS\GSanders
N0017808D5364,1,18804325,NULL,NULL,277538,NULL,1700,N00178,ORG-2941,NULL,NULL,U,0,FAIR,A,00:00.0,00:00.0,209036,NULL,5/29/2008,3/31/2009,5/29/2008,NULL,48:05.0,CSIS\GSanders
N0017808D5365,1,18804326,NULL,NULL,10807,NULL,1700,N00178,ORG-2941,NULL,NULL,U,0,FAIR,A,00:00.0,00:00.0,209036,NULL,5/29/2008,3/31/2009,5/29/2008,NULL,48:05.0,CSIS\GSanders
N0017808D5366,1,18804327,NULL,NULL,222958,NULL,1700,N00178,ORG-2941,NULL,NULL,U,0,FAIR,A,00:00.0,00:00.0,209036,NULL,5/29/2008,3/31/2009,5/29/2008,NULL,48:05.0,CSIS\GSanders
N0017808D5367,1,18804328,NULL,NULL,47545,NULL,1700,N00178,ORG-2941,NULL,NULL,U,0,FAIR,A,00:00.0,00:00.0,209036,NULL,5/29/2008,3/31/2009,5/29/2008,NULL,48:05.0,CSIS\GSanders
N0017808D5368,1,18804329,NULL,NULL,40493,NULL,1700,N00178,ORG-2941,NULL,NULL,U,0,FAIR,A,00:00.0,00:00.0,209036,NULL,5/29/2008,3/31/2009,5/29/2008,NULL,48:05.0,CSIS\GSanders
N0017808D5369,1,18804330,NULL,NULL,142224,NULL,1700,N00178,ORG-2941,NULL,NULL,U,0,FAIR,A,00:00.0,00:00.0,209036,NULL,5/29/2008,3/31/2009,5/29/2008,NULL,48:05.0,CSIS\GSanders
N0017808D5370,1,18804331,NULL,NULL,47392,NULL,1700,N00178,ORG-2941,NULL,NULL,U,0,FAIR,A,00:00.0,00:00.0,209036,NULL,5/29/2008,3/31/2009,5/29/2008,NULL,48:05.0,CSIS\GSanders
N0017808D5371,1,18804332,NULL,NULL,182705,NULL,1700,N00178,ORG-2941,NULL,NULL,U,0,FAIR,A,00:00.0,00:00.0,209036,NULL,5/29/2008,3/31/2009,5/29/2008,NULL,48:05.0,CSIS\GSanders
N0017808D5372,1,18804334,NULL,NULL,233701,NULL,1700,N00178,ORG-2941,NULL,NULL,U,0,FAIR,A,00:00.0,00:00.0,209036,NULL,5/29/2008,3/31/2009,5/29/2008,NULL,48:05.0,CSIS\GSanders
N0017808D5373,1,18804335,NULL,NULL,99700,NULL,1700,N00178,ORG-2941,NULL,NULL,U,0,FAIR,A,00:00.0,00:00.0,209036,NULL,5/29/2008,3/31/2009,5/29/2008,NULL,48:05.0,CSIS\GSanders
N0017808D5374,1,18804336,NULL,NULL,1294,NULL,1700,N00178,ORG-2941,NULL,NULL,U,0,FAIR,A,00:00.0,00:00.0,209036,NULL,5/29/2008,3/31/2009,5/29/2008,NULL,48:05.0,CSIS\GSanders
N0017808D5375,1,18804337,NULL,NULL,366056,NULL,1700,N00178,ORG-2941,NULL,NULL,U,0,FAIR,A,00:00.0,00:00.0,209036,NULL,5/29/2008,3/31/2009,5/29/2008,NULL,48:05.0,CSIS\GSanders
N0017808D5376,1,18804338,NULL,NULL,409005,NULL,1700,N00178,ORG-2941,NULL,NULL,U,0,FAIR,A,00:00.0,00:00.0,209036,NULL,5/29/2008,3/31/2009,5/29/2008,NULL,48:05.0,CSIS\GSanders
N0017808D5377,1,18804339,NULL,NULL,424329,NULL,1700,N00178,ORG-2941,NULL,NULL,U,0,FAIR,A,00:00.0,00:00.0,209036,NULL,5/29/2008,3/31/2009,5/29/2008,NULL,48:05.0,CSIS\GSanders
N0017808D5378,1,18804341,NULL,NULL,161280,NULL,1700,N00178,ORG-2941,NULL,NULL,U,0,FAIR,A,00:00.0,00:00.0,209036,NULL,5/29/2008,3/31/2009,5/29/2008,NULL,48:05.0,CSIS\GSanders
N0017808D5379,1,18804342,NULL,NULL,41378,NULL,1700,N00178,ORG-2941,NULL,NULL,U,0,FAIR,A,00:00.0,00:00.0,209036,NULL,5/29/2008,3/31/2009,5/29/2008,NULL,48:05.0,CSIS\GSanders
N0017808D5381,1,18804344,NULL,NULL,168666,NULL,1700,N00178,ORG-2941,NULL,NULL,U,0,FAIR,A,00:00.0,00:00.0,209036,NULL,5/29/2008,3/31/2009,5/29/2008,NULL,48:05.0,CSIS\GSanders
N0017808D5382,1,18804345,NULL,NULL,442137,NULL,1700,N00178,ORG-2941,NULL,NULL,U,0,FAIR,A,00:00.0,00:00.0,209036,NULL,5/29/2008,3/31/2009,5/29/2008,NULL,48:05.0,CSIS\GSanders
N0017808D5383,1,18804346,NULL,NULL,354192,NULL,1700,N00178,ORG-2941,NULL,NULL,U,0,FAIR,A,00:00.0,00:00.0,209036,NULL,5/29/2008,3/31/2009,5/29/2008,NULL,48:05.0,CSIS\GSanders
N0017808D5386,1,18804349,NULL,NULL,4944,NULL,1700,N00178,ORG-2941,NULL,NULL,U,0,FAIR,A,00:00.0,00:00.0,209036,NULL,5/29/2008,3/31/2009,5/29/2008,NULL,48:05.0,CSIS\GSanders
N0017808D5389,1,18804352,NULL,NULL,324483,NULL,1700,N00178,ORG-2941,NULL,NULL,U,0,FAIR,A,00:00.0,00:00.0,209036,NULL,5/29/2008,3/31/2009,5/29/2008,NULL,48:05.0,CSIS\GSanders
N0017808D5390,1,18804353,NULL,NULL,96485,NULL,1700,N00178,ORG-2941,NULL,NULL,U,0,FAIR,A,00:00.0,00:00.0,209036,NULL,5/29/2008,3/31/2009,5/29/2008,NULL,48:05.0,CSIS\GSanders
N0017808D5392,1,18804355,NULL,NULL,372699,NULL,1700,N00178,ORG-2941,NULL,NULL,U,0,FAIR,A,00:00.0,00:00.0,209036,NULL,5/29/2008,3/31/2009,5/29/2008,NULL,48:05.0,CSIS\GSanders
N0017808D5393,1,18804356,NULL,NULL,155133,NULL,1700,N00178,ORG-2941,NULL,NULL,U,0,FAIR,A,00:00.0,00:00.0,209036,NULL,5/29/2008,3/31/2009,5/29/2008,NULL,48:05.0,CSIS\GSanders
N0017808D5394,1,18804358,NULL,NULL,339824,NULL,1700,N00178,ORG-2941,NULL,NULL,U,0,FAIR,A,00:00.0,00:00.0,209036,NULL,5/29/2008,3/31/2009,5/29/2008,NULL,48:05.0,CSIS\GSanders
N0017808D5396,1,18804360,NULL,NULL,80410,NULL,1700,N00178,ORG-2941,NULL,NULL,U,0,FAIR,A,00:00.0,00:00.0,209036,NULL,5/29/2008,3/31/2009,5/29/2008,NULL,48:05.0,CSIS\GSanders
N0017808D5397,1,18804363,NULL,NULL,407775,NULL,1700,N00178,ORG-2941,NULL,NULL,U,0,FAIR,A,00:00.0,00:00.0,209036,NULL,5/29/2008,3/31/2009,5/29/2008,NULL,48:05.0,CSIS\GSanders
N0017808D5398,1,18804364,NULL,NULL,336470,NULL,1700,N00178,ORG-2941,NULL,NULL,U,0,FAIR,A,00:00.0,00:00.0,209036,NULL,5/29/2008,3/31/2009,5/29/2008,NULL,48:05.0,CSIS\GSanders
N0017808D5400,1,18804366,NULL,NULL,34472,NULL,1700,N00178,ORG-2941,NULL,NULL,U,0,FAIR,A,00:00.0,00:00.0,209036,NULL,5/29/2008,3/31/2009,5/29/2008,NULL,48:05.0,CSIS\GSanders
N0017808D5401,1,18804367,NULL,NULL,267549,NULL,1700,N00178,ORG-2941,NULL,NULL,U,0,FAIR,A,00:00.0,00:00.0,209036,NULL,5/29/2008,3/31/2009,5/29/2008,NULL,48:05.0,CSIS\GSanders
N0017808D5402,1,18804368,NULL,NULL,273114,NULL,1700,N00178,ORG-2941,NULL,NULL,U,0,FAIR,A,00:00.0,00:00.0,209036,NULL,5/29/2008,3/31/2009,5/29/2008,NULL,48:05.0,CSIS\GSanders
N0017808D5403,1,18804369,NULL,NULL,296689,NULL,1700,N00178,ORG-2941,NULL,NULL,U,0,FAIR,A,00:00.0,00:00.0,209036,NULL,5/29/2008,3/31/2009,5/29/2008,NULL,48:05.0,CSIS\GSanders
N0017808D5405,1,18804371,NULL,NULL,161749,NULL,1700,N00178,ORG-2941,NULL,NULL,U,0,FAIR,A,00:00.0,00:00.0,209036,NULL,5/29/2008,3/31/2009,5/29/2008,NULL,48:05.0,CSIS\GSanders
N0017808D5407,1,18804373,NULL,NULL,374720,NULL,1700,N00178,ORG-2941,NULL,NULL,U,0,FAIR,A,00:00.0,00:00.0,209036,NULL,5/29/2008,3/31/2009,5/29/2008,NULL,48:05.0,CSIS\GSanders
N0017808D5408,1,18804374,NULL,NULL,264868,NULL,1700,N00178,ORG-2941,NULL,NULL,U,0,FAIR,A,00:00.0,00:00.0,209036,NULL,5/29/2008,3/31/2009,5/29/2008,NULL,48:05.0,CSIS\GSanders
N0017808D5409,1,18804375,NULL,NULL,134347,NULL,1700,N00178,ORG-2941,NULL,NULL,U,0,FAIR,A,00:00.0,00:00.0,209036,NULL,5/29/2008,3/31/2009,5/29/2008,NULL,48:05.0,CSIS\GSanders
N0017808D5410,1,18804376,NULL,NULL,49114,NULL,1700,N00178,ORG-2941,NULL,NULL,U,0,FAIR,A,00:00.0,00:00.0,209036,NULL,5/29/2008,3/31/2009,5/29/2008,NULL,48:05.0,CSIS\GSanders
N0017808D5411,1,18804377,NULL,NULL,12137,NULL,1700,N00178,ORG-2941,NULL,NULL,U,0,FAIR,A,00:00.0,00:00.0,209036,NULL,5/29/2008,3/31/2009,5/29/2008,NULL,48:05.0,CSIS\GSanders
N0017808D5413,1,18804379,NULL,NULL,285758,NULL,1700,N00178,ORG-2941,NULL,NULL,U,0,FAIR,A,00:00.0,00:00.0,209036,NULL,5/29/2008,3/31/2009,5/29/2008,NULL,48:05.0,CSIS\GSanders
N0017808D5414,1,18804380,NULL,NULL,341139,NULL,1700,N00178,ORG-2941,NULL,NULL,U,0,FAIR,A,00:00.0,00:00.0,209036,NULL,5/29/2008,3/31/2009,5/29/2008,NULL,48:05.0,CSIS\GSanders
N0017808D5415,1,18804381,NULL,NULL,253267,NULL,1700,N00178,ORG-2941,NULL,NULL,U,0,FAIR,A,00:00.0,00:00.0,209036,NULL,5/29/2008,3/31/2009,5/29/2008,NULL,48:05.0,CSIS\GSanders
N0017808D5416,1,18804382,NULL,NULL,291727,NULL,1700,N00178,ORG-2941,NULL,NULL,U,0,FAIR,A,00:00.0,00:00.0,209036,NULL,5/29/2008,3/31/2009,5/29/2008,NULL,48:05.0,CSIS\GSanders
N0017808D5417,1,18804383,NULL,NULL,390033,NULL,1700,N00178,ORG-2941,NULL,NULL,U,0,FAIR,A,00:00.0,00:00.0,209036,NULL,5/29/2008,3/31/2009,5/29/2008,NULL,48:05.0,CSIS\GSanders
N0017808D5419,1,18804385,NULL,NULL,267138,NULL,1700,N00178,ORG-2941,NULL,NULL,U,0,FAIR,A,00:00.0,00:00.0,209036,NULL,5/29/2008,3/31/2009,5/29/2008,NULL,48:05.0,CSIS\GSanders
N0017808D5421,1,18804388,NULL,NULL,263716,NULL,1700,N00178,ORG-2941,NULL,NULL,U,0,FAIR,A,00:00.0,00:00.0,209036,NULL,5/29/2008,3/31/2009,5/29/2008,NULL,48:05.0,CSIS\GSanders
N0017808D5422,1,18804389,NULL,NULL,259731,NULL,1700,N00178,ORG-2941,NULL,NULL,U,0,FAIR,A,00:00.0,00:00.0,209036,NULL,5/29/2008,3/31/2009,5/29/2008,NULL,48:05.0,CSIS\GSanders
N0017808D5423,1,18804390,NULL,NULL,355802,NULL,1700,N00178,ORG-2941,NULL,NULL,U,0,FAIR,A,00:00.0,00:00.0,209036,NULL,5/29/2008,3/31/2009,5/29/2008,NULL,48:05.0,CSIS\GSanders
N0017808D5424,1,18804391,NULL,NULL,233944,NULL,1700,N00178,ORG-2941,NULL,NULL,U,0,FAIR,A,00:00.0,00:00.0,209036,NULL,5/29/2008,3/31/2009,5/29/2008,NULL,48:05.0,CSIS\GSanders
N0017808D5425,1,18804392,NULL,NULL,188554,NULL,1700,N00178,ORG-2941,NULL,NULL,U,0,FAIR,A,00:00.0,00:00.0,209036,NULL,5/29/2008,3/31/2009,5/29/2008,NULL,48:05.0,CSIS\GSanders
N0017808D5426,1,18804393,NULL,NULL,435696,NULL,1700,N00178,ORG-2941,NULL,NULL,U,0,FAIR,A,00:00.0,00:00.0,209036,NULL,5/29/2008,3/31/2009,5/29/2008,NULL,48:05.0,CSIS\GSanders
N0017808D5427,1,18804394,NULL,NULL,419627,NULL,1700,N00178,ORG-2941,NULL,NULL,U,0,FAIR,A,00:00.0,00:00.0,209036,NULL,5/29/2008,3/31/2009,5/29/2008,NULL,48:05.0,CSIS\GSanders
N0017808D5428,1,18804395,NULL,NULL,325711,NULL,1700,N00178,ORG-2941,NULL,NULL,U,0,FAIR,A,00:00.0,00:00.0,209036,NULL,5/29/2008,3/31/2009,5/29/2008,NULL,48:05.0,CSIS\GSanders
N0017808D5429,1,18804396,NULL,NULL,93817,NULL,1700,N00178,ORG-2941,NULL,NULL,U,0,FAIR,A,00:00.0,00:00.0,209036,NULL,5/29/2008,3/31/2009,5/29/2008,NULL,48:05.0,CSIS\GSanders
N0017808D5431,1,18804398,NULL,NULL,429832,NULL,1700,N00178,ORG-2941,NULL,NULL,U,0,FAIR,A,00:00.0,00:00.0,209036,NULL,5/29/2008,3/31/2009,5/29/2008,NULL,48:05.0,CSIS\GSanders
N0017808D5432,1,18804400,NULL,NULL,399006,NULL,1700,N00178,ORG-2941,NULL,NULL,U,0,FAIR,A,00:00.0,00:00.0,209036,NULL,5/29/2008,3/31/2009,5/29/2008,NULL,48:05.0,CSIS\GSanders
N0017808D5433,1,18804401,NULL,NULL,70913,NULL,1700,N00178,ORG-2941,NULL,NULL,U,0,FAIR,A,00:00.0,00:00.0,209036,NULL,5/29/2008,3/31/2009,5/29/2008,NULL,48:05.0,CSIS\GSanders
N0017808D5434,1,18804402,NULL,NULL,381069,NULL,1700,N00178,ORG-2941,NULL,NULL,U,0,FAIR,A,00:00.0,00:00.0,209036,NULL,5/29/2008,3/31/2009,5/29/2008,NULL,48:05.0,CSIS\GSanders
N0017808D5435,1,18804404,NULL,NULL,132209,NULL,1700,N00178,ORG-2941,NULL,NULL,U,0,FAIR,A,00:00.0,00:00.0,209036,NULL,5/29/2008,3/31/2009,5/29/2008,NULL,48:05.0,CSIS\GSanders
N0017808D5436,1,18804405,NULL,NULL,288353,NULL,1700,N00178,ORG-2941,NULL,NULL,U,0,FAIR,A,00:00.0,00:00.0,209036,NULL,5/29/2008,3/31/2009,5/29/2008,NULL,48:05.0,CSIS\GSanders
N0017808D5437,1,18804406,NULL,NULL,25284,NULL,1700,N00178,ORG-2941,NULL,NULL,U,0,FAIR,A,00:00.0,00:00.0,209036,NULL,5/29/2008,3/31/2009,5/29/2008,NULL,48:05.0,CSIS\GSanders
N0017808D5439,1,18804408,NULL,NULL,242968,NULL,1700,N00178,ORG-2941,NULL,NULL,U,0,FAIR,A,00:00.0,00:00.0,209036,NULL,5/29/2008,3/31/2009,5/29/2008,NULL,48:05.0,CSIS\GSanders
N0017808D5440,1,18804409,NULL,NULL,109229,NULL,1700,N00178,ORG-2941,NULL,NULL,U,0,FAIR,A,00:00.0,00:00.0,209036,NULL,5/29/2008,3/31/2009,5/29/2008,NULL,48:05.0,CSIS\GSanders
N0017808D5441,1,18804411,NULL,NULL,429550,NULL,1700,N00178,ORG-2941,NULL,NULL,U,0,FAIR,A,00:00.0,00:00.0,209036,NULL,5/29/2008,3/31/2009,5/29/2008,NULL,48:05.0,CSIS\GSanders
N0017808D5442,1,18804412,NULL,NULL,60717,NULL,1700,N00178,ORG-2941,NULL,NULL,U,0,FAIR,A,00:00.0,00:00.0,209036,NULL,5/29/2008,3/31/2009,5/29/2008,NULL,48:05.0,CSIS\GSanders
N0017808D5443,1,18804413,NULL,NULL,180297,NULL,1700,N00178,ORG-2941,NULL,NULL,U,0,FAIR,A,00:00.0,00:00.0,209036,NULL,5/29/2008,3/31/2009,5/29/2008,NULL,48:05.0,CSIS\GSanders
N0017808D5445,1,18804415,NULL,NULL,209202,NULL,1700,N00178,ORG-2941,NULL,NULL,U,0,FAIR,A,00:00.0,00:00.0,209036,NULL,5/29/2008,3/31/2009,5/29/2008,NULL,48:05.0,CSIS\GSanders
N0017808D5446,1,18804416,NULL,NULL,99367,NULL,1700,N00178,ORG-2941,NULL,NULL,U,0,FAIR,A,00:00.0,00:00.0,209036,NULL,5/29/2008,3/31/2009,5/29/2008,NULL,48:05.0,CSIS\GSanders
N0017808D5450,1,18804421,NULL,NULL,429754,NULL,1700,N00178,ORG-2941,NULL,NULL,U,0,FAIR,A,00:00.0,00:00.0,209036,NULL,5/29/2008,3/31/2009,5/29/2008,NULL,48:05.0,CSIS\GSanders
N0017808D5452,1,18804428,NULL,NULL,222295,NULL,1700,N00178,ORG-2941,NULL,NULL,U,0,FAIR,A,00:00.0,00:00.0,209036,NULL,5/29/2008,3/31/2009,5/29/2008,NULL,48:05.0,CSIS\GSanders
N0017808D5453,1,18804429,NULL,NULL,219161,NULL,1700,N00178,ORG-2941,NULL,NULL,U,0,FAIR,A,00:00.0,00:00.0,209036,NULL,5/29/2008,3/31/2009,5/29/2008,NULL,48:05.0,CSIS\GSanders
N0017808D5455,1,18804431,NULL,NULL,118003,NULL,1700,N00178,ORG-2941,NULL,NULL,U,0,FAIR,A,00:00.0,00:00.0,209036,NULL,5/29/2008,3/31/2009,5/29/2008,NULL,48:05.0,CSIS\GSanders
N0017808D5456,1,18804432,NULL,NULL,108737,NULL,1700,N00178,ORG-2941,NULL,NULL,U,0,FAIR,A,00:00.0,00:00.0,209036,NULL,5/29/2008,3/31/2009,5/29/2008,NULL,48:05.0,CSIS\GSanders
N0017808D5457,1,18804433,NULL,NULL,295106,NULL,1700,N00178,ORG-2941,NULL,NULL,U,0,FAIR,A,00:00.0,00:00.0,209036,NULL,5/29/2008,3/31/2009,5/29/2008,NULL,48:05.0,CSIS\GSanders
N0017808D5459,1,18804438,NULL,NULL,284874,NULL,1700,N00178,ORG-2941,NULL,NULL,U,0,FAIR,A,00:00.0,00:00.0,209036,NULL,5/29/2008,3/31/2009,5/29/2008,NULL,48:05.0,CSIS\GSanders
N0017808D5460,1,18804441,NULL,NULL,89815,NULL,1700,N00178,ORG-2941,NULL,NULL,U,0,FAIR,A,00:00.0,00:00.0,209036,NULL,5/29/2008,3/31/2009,5/29/2008,NULL,48:05.0,CSIS\GSanders
N0017808D5461,1,18804442,NULL,NULL,240867,NULL,1700,N00178,ORG-2941,NULL,NULL,U,0,FAIR,A,00:00.0,00:00.0,209036,NULL,5/29/2008,3/31/2009,5/29/2008,NULL,48:05.0,CSIS\GSanders
N0017808D5462,1,18804443,NULL,NULL,320643,NULL,1700,N00178,ORG-2941,NULL,NULL,U,0,FAIR,A,00:00.0,00:00.0,209036,NULL,5/29/2008,3/31/2009,5/29/2008,NULL,48:05.0,CSIS\GSanders
N0017808D5463,1,18804444,NULL,NULL,82478,NULL,1700,N00178,ORG-2941,NULL,NULL,U,0,FAIR,A,00:00.0,00:00.0,209036,NULL,5/29/2008,3/31/2009,5/29/2008,NULL,48:05.0,CSIS\GSanders
N0017808D5464,1,18804445,NULL,NULL,291219,NULL,1700,N00178,ORG-2941,NULL,NULL,U,0,FAIR,A,00:00.0,00:00.0,209036,NULL,5/29/2008,3/31/2009,5/29/2008,NULL,48:05.0,CSIS\GSanders
N0017808D5466,1,18804447,NULL,NULL,39821,NULL,1700,N00178,ORG-2941,NULL,NULL,U,0,FAIR,A,00:00.0,00:00.0,209036,NULL,5/29/2008,3/31/2009,5/29/2008,NULL,48:05.0,CSIS\GSanders
N0017808D5467,1,18804448,NULL,NULL,157100,NULL,1700,N00178,ORG-2941,NULL,NULL,U,0,FAIR,A,00:00.0,00:00.0,209036,NULL,5/29/2008,3/31/2009,5/29/2008,NULL,48:05.0,CSIS\GSanders
N0017808D5468,1,18804449,NULL,NULL,429633,NULL,1700,N00178,ORG-2941,NULL,NULL,U,0,FAIR,A,00:00.0,00:00.0,209036,NULL,5/29/2008,3/31/2009,5/29/2008,NULL,48:05.0,CSIS\GSanders
N0017808D5469,1,18804450,NULL,NULL,413175,NULL,1700,N00178,ORG-2941,NULL,NULL,U,0,FAIR,A,00:00.0,00:00.0,209036,NULL,5/29/2008,3/31/2009,5/29/2008,NULL,48:05.0,CSIS\GSanders
N0017808D5470,1,18804451,NULL,NULL,16210,NULL,1700,N00178,ORG-2941,NULL,NULL,U,0,FAIR,A,00:00.0,00:00.0,209036,NULL,5/29/2008,3/31/2009,5/29/2008,NULL,48:05.0,CSIS\GSanders
N0017808D5471,1,18804452,NULL,NULL,11611,NULL,1700,N00178,ORG-2941,NULL,NULL,U,0,FAIR,A,00:00.0,00:00.0,209036,NULL,5/29/2008,3/31/2009,5/29/2008,NULL,48:05.0,CSIS\GSanders
N0017808D5472,1,18804453,NULL,NULL,130887,NULL,1700,N00178,ORG-2941,NULL,NULL,U,0,FAIR,A,00:00.0,00:00.0,209036,NULL,5/29/2008,3/31/2009,5/29/2008,NULL,48:05.0,CSIS\GSanders
N0017808D5473,1,18804454,NULL,NULL,372045,NULL,1700,N00178,ORG-2941,NULL,NULL,U,0,FAIR,A,00:00.0,00:00.0,209036,NULL,5/29/2008,3/31/2009,5/29/2008,NULL,48:05.0,CSIS\GSanders
N0017808D5474,1,18804458,NULL,NULL,67739,NULL,1700,N00178,ORG-2941,NULL,NULL,U,0,FAIR,A,00:00.0,00:00.0,209036,NULL,5/29/2008,3/31/2009,5/29/2008,NULL,48:05.0,CSIS\GSanders
N0017808D5475,1,18804459,NULL,NULL,414754,NULL,1700,N00178,ORG-2941,NULL,NULL,U,0,FAIR,A,00:00.0,00:00.0,209036,NULL,5/29/2008,3/31/2009,5/29/2008,NULL,48:05.0,CSIS\GSanders
N0017808D5476,1,18804460,NULL,NULL,255918,NULL,1700,N00178,ORG-2941,NULL,NULL,U,0,FAIR,A,00:00.0,00:00.0,209036,NULL,5/29/2008,3/31/2009,5/29/2008,NULL,48:05.0,CSIS\GSanders
N0017808D5478,1,18804462,NULL,NULL,15841,NULL,1700,N00178,ORG-2941,NULL,NULL,U,0,FAIR,A,00:00.0,00:00.0,209036,NULL,5/29/2008,3/31/2009,5/29/2008,NULL,48:05.0,CSIS\GSanders
N0017808D5483,1,18804467,NULL,NULL,24513,NULL,1700,N00178,ORG-2941,NULL,NULL,U,0,FAIR,A,00:00.0,00:00.0,209036,NULL,5/29/2008,3/31/2009,5/29/2008,NULL,48:05.0,CSIS\GSanders
N0017808D5484,1,18804469,NULL,NULL,381856,NULL,1700,N00178,ORG-2941,NULL,NULL,U,0,FAIR,A,00:00.0,00:00.0,209036,NULL,5/29/2008,3/31/2009,5/29/2008,NULL,48:05.0,CSIS\GSanders
N0017808D5485,1,18804470,NULL,NULL,146594,NULL,1700,N00178,ORG-2941,NULL,NULL,U,0,FAIR,A,00:00.0,00:00.0,209036,NULL,5/29/2008,3/31/2009,5/29/2008,NULL,48:05.0,CSIS\GSanders
N0017808D5486,1,18804471,NULL,NULL,32892,NULL,1700,N00178,ORG-2941,NULL,NULL,U,0,FAIR,A,00:00.0,00:00.0,209036,NULL,5/29/2008,3/31/2009,5/29/2008,NULL,48:05.0,CSIS\GSanders
N0017808D5487,1,18804474,NULL,NULL,73862,NULL,1700,N00178,ORG-2941,NULL,NULL,U,0,FAIR,A,00:00.0,00:00.0,209036,NULL,5/29/2008,3/31/2009,5/29/2008,NULL,48:05.0,CSIS\GSanders
N0017808D5488,1,18804475,NULL,NULL,341461,NULL,1700,N00178,ORG-2941,NULL,NULL,U,0,FAIR,A,00:00.0,00:00.0,209036,NULL,5/29/2008,3/31/2009,5/29/2008,NULL,48:05.0,CSIS\GSanders
N0017808D5489,1,18804476,NULL,NULL,436188,NULL,1700,N00178,ORG-2941,NULL,NULL,U,0,FAIR,A,00:00.0,00:00.0,209036,NULL,5/29/2008,3/31/2009,5/29/2008,NULL,48:05.0,CSIS\GSanders
N0017808D5491,1,18804478,NULL,NULL,241163,NULL,1700,N00178,ORG-2941,NULL,NULL,U,0,FAIR,A,00:00.0,00:00.0,209036,NULL,5/29/2008,3/31/2009,5/29/2008,NULL,48:05.0,CSIS\GSanders
N0017808D5494,1,18804481,NULL,NULL,416338,NULL,1700,N00178,ORG-2941,NULL,NULL,U,0,FAIR,A,00:00.0,00:00.0,209036,NULL,5/29/2008,3/31/2009,5/29/2008,NULL,48:05.0,CSIS\GSanders
N0017808D5495,1,18804482,NULL,NULL,89234,NULL,1700,N00178,ORG-2941,NULL,NULL,U,0,FAIR,A,00:00.0,00:00.0,209036,NULL,5/29/2008,3/31/2009,5/29/2008,NULL,48:05.0,CSIS\GSanders
N0017808D5499,1,18804486,NULL,NULL,120668,NULL,1700,N00178,ORG-2941,NULL,NULL,U,0,FAIR,A,00:00.0,00:00.0,209036,NULL,5/29/2008,3/31/2009,5/29/2008,NULL,48:05.0,CSIS\GSanders
N0017808D5501,1,18804488,NULL,NULL,318238,NULL,1700,N00178,ORG-2941,NULL,NULL,U,0,FAIR,A,00:00.0,00:00.0,209036,NULL,5/29/2008,3/31/2009,5/29/2008,NULL,48:05.0,CSIS\GSanders
N0017808D5502,1,18804490,NULL,NULL,404117,NULL,1700,N00178,ORG-2941,NULL,NULL,U,0,FAIR,A,00:00.0,00:00.0,209036,NULL,5/29/2008,3/31/2009,5/29/2008,NULL,48:05.0,CSIS\GSanders
N0017808D5503,1,18804491,NULL,NULL,389385,NULL,1700,N00178,ORG-2941,NULL,NULL,U,0,FAIR,A,00:00.0,00:00.0,209036,NULL,5/29/2008,3/31/2009,5/29/2008,NULL,48:05.0,CSIS\GSanders
N0017808D5504,1,18804494,NULL,NULL,115158,NULL,1700,N00178,ORG-2941,NULL,NULL,U,0,FAIR,A,00:00.0,00:00.0,209036,NULL,5/29/2008,3/31/2009,5/29/2008,NULL,48:05.0,CSIS\GSanders
N0017808D5505,1,18804495,NULL,NULL,63926,NULL,1700,N00178,ORG-2941,NULL,NULL,U,0,FAIR,A,00:00.0,00:00.0,209036,NULL,5/29/2008,3/31/2009,5/29/2008,NULL,48:05.0,CSIS\GSanders
N0017808D5507,1,18804498,NULL,NULL,271984,NULL,1700,N00178,ORG-2941,NULL,NULL,U,0,FAIR,A,00:00.0,00:00.0,209036,NULL,5/29/2008,3/31/2009,5/29/2008,NULL,48:05.0,CSIS\GSanders
N0017808D5508,1,18804499,NULL,NULL,264599,NULL,1700,N00178,ORG-2941,NULL,NULL,U,0,FAIR,A,00:00.0,00:00.0,209036,NULL,5/29/2008,3/31/2009,5/29/2008,NULL,48:05.0,CSIS\GSanders
N0017808D5509,1,18804500,NULL,NULL,220,NULL,1700,N00178,ORG-2941,NULL,NULL,U,0,FAIR,A,00:00.0,00:00.0,209036,NULL,5/29/2008,3/31/2009,5/29/2008,NULL,48:05.0,CSIS\GSanders
N0017808D5511,1,18804505,NULL,NULL,96727,NULL,1700,N00178,ORG-2941,NULL,NULL,U,0,FAIR,A,00:00.0,00:00.0,209036,NULL,5/29/2008,3/31/2009,5/29/2008,NULL,48:05.0,CSIS\GSanders
N0017808D5512,1,18804506,NULL,NULL,204155,NULL,1700,N00178,ORG-2941,NULL,NULL,U,0,FAIR,A,00:00.0,00:00.0,209036,NULL,5/29/2008,3/31/2009,5/29/2008,NULL,48:05.0,CSIS\GSanders
N0017808D5513,1,18804507,NULL,NULL,393788,NULL,1700,N00178,ORG-2941,NULL,NULL,U,0,FAIR,A,00:00.0,00:00.0,209036,NULL,5/29/2008,3/31/2009,5/29/2008,NULL,48:05.0,CSIS\GSanders
N0017808D5514,1,18804508,NULL,NULL,340520,NULL,1700,N00178,ORG-2941,NULL,NULL,U,0,FAIR,A,00:00.0,00:00.0,209036,NULL,5/29/2008,3/31/2009,5/29/2008,NULL,48:05.0,CSIS\GSanders
N0017808D5515,1,18804509,NULL,NULL,224772,NULL,1700,N00178,ORG-2941,NULL,NULL,U,0,FAIR,A,00:00.0,00:00.0,209036,NULL,5/29/2008,3/31/2009,5/29/2008,NULL,48:05.0,CSIS\GSanders
N0017808D5517,1,18804511,NULL,NULL,281741,NULL,1700,N00178,ORG-2941,NULL,NULL,U,0,FAIR,A,00:00.0,00:00.0,209036,NULL,5/29/2008,3/31/2009,5/29/2008,NULL,48:05.0,CSIS\GSanders
N0017808D5519,1,18804513,NULL,NULL,236837,NULL,1700,N00178,ORG-2941,NULL,NULL,U,0,FAIR,A,00:00.0,00:00.0,209036,NULL,5/29/2008,3/31/2009,5/29/2008,NULL,48:05.0,CSIS\GSanders
N0017808D5522,1,18804516,NULL,NULL,170200,NULL,1700,N00178,ORG-2941,NULL,NULL,U,0,FAIR,A,00:00.0,00:00.0,209036,NULL,5/29/2008,3/31/2009,5/29/2008,NULL,48:05.0,CSIS\GSanders
N0017808D5525,1,18804519,NULL,NULL,357363,NULL,1700,N00178,ORG-2941,NULL,NULL,U,0,FAIR,A,00:00.0,00:00.0,209036,NULL,5/29/2008,3/31/2009,5/29/2008,NULL,48:05.0,CSIS\GSanders
N0017808D5526,1,18804520,NULL,NULL,308715,NULL,1700,N00178,ORG-2941,NULL,NULL,U,0,FAIR,A,00:00.0,00:00.0,209036,NULL,5/29/2008,3/31/2009,5/29/2008,NULL,48:05.0,CSIS\GSanders
N0017808D5527,1,18804521,NULL,NULL,100218,NULL,1700,N00178,ORG-2941,NULL,NULL,U,0,FAIR,A,00:00.0,00:00.0,209036,NULL,5/29/2008,3/31/2009,5/29/2008,NULL,48:05.0,CSIS\GSanders
N0017808D5528,1,18804525,NULL,NULL,291141,NULL,1700,N00178,ORG-2941,NULL,NULL,U,0,FAIR,A,00:00.0,00:00.0,209036,NULL,5/29/2008,3/31/2009,5/29/2008,NULL,48:05.0,CSIS\GSanders
N0017808D5529,1,18804526,NULL,NULL,274177,NULL,1700,N00178,ORG-2941,NULL,NULL,U,0,FAIR,A,00:00.0,00:00.0,209036,NULL,5/29/2008,3/31/2009,5/29/2008,NULL,48:05.0,CSIS\GSanders
N0017808D5533,1,18804530,NULL,NULL,1021,NULL,1700,N00178,ORG-2941,NULL,NULL,U,0,FAIR,A,00:00.0,00:00.0,209036,NULL,5/29/2008,3/31/2009,5/29/2008,NULL,48:05.0,CSIS\GSanders
N0017808D5534,1,18804531,NULL,NULL,372846,NULL,1700,N00178,ORG-2941,NULL,NULL,U,0,FAIR,A,00:00.0,00:00.0,209036,NULL,5/29/2008,3/31/2009,5/29/2008,NULL,48:05.0,CSIS\GSanders
N0017808D5535,1,18804532,NULL,NULL,31077,NULL,1700,N00178,ORG-2941,NULL,NULL,U,0,FAIR,A,00:00.0,00:00.0,209036,NULL,5/29/2008,3/31/2009,5/29/2008,NULL,48:05.0,CSIS\GSanders
N0017808D5536,1,18804533,NULL,NULL,168252,NULL,1700,N00178,ORG-2941,NULL,NULL,U,0,FAIR,A,00:00.0,00:00.0,209036,NULL,5/29/2008,3/31/2009,5/29/2008,NULL,48:05.0,CSIS\GSanders
N0017808D5537,1,18804534,NULL,NULL,365991,NULL,1700,N00178,ORG-2941,NULL,NULL,U,0,FAIR,A,00:00.0,00:00.0,209036,NULL,5/29/2008,3/31/2009,5/29/2008,NULL,48:05.0,CSIS\GSanders
N0017808D5538,1,18804535,NULL,NULL,186924,NULL,1700,N00178,ORG-2941,NULL,NULL,U,0,FAIR,A,00:00.0,00:00.0,209036,NULL,5/29/2008,3/31/2009,5/29/2008,NULL,48:05.0,CSIS\GSanders
N0017808D5539,1,18804536,NULL,NULL,106712,NULL,1700,N00178,ORG-2941,NULL,NULL,U,0,FAIR,A,00:00.0,00:00.0,209036,NULL,5/29/2008,3/31/2009,5/29/2008,NULL,48:05.0,CSIS\GSanders
N0017808D5540,1,18804538,NULL,NULL,424917,NULL,1700,N00178,ORG-2941,NULL,NULL,U,0,FAIR,A,00:00.0,00:00.0,209036,NULL,5/29/2008,3/31/2009,5/29/2008,NULL,48:05.0,CSIS\GSanders
N0017808D5541,1,18804539,NULL,NULL,89813,NULL,1700,N00178,ORG-2941,NULL,NULL,U,0,FAIR,A,00:00.0,00:00.0,209036,NULL,5/29/2008,3/31/2009,5/29/2008,NULL,48:05.0,CSIS\GSanders
N0017808D5543,1,18804543,NULL,NULL,359178,NULL,1700,N00178,ORG-2941,NULL,NULL,U,0,FAIR,A,00:00.0,00:00.0,209036,NULL,5/29/2008,3/31/2009,5/29/2008,NULL,48:05.0,CSIS\GSanders
N0017808D5545,1,18804545,NULL,NULL,58159,NULL,1700,N00178,ORG-2941,NULL,NULL,U,0,FAIR,A,00:00.0,00:00.0,209036,NULL,5/29/2008,3/31/2009,5/29/2008,NULL,48:05.0,CSIS\GSanders
N0017808D5548,1,18804550,NULL,NULL,303692,NULL,1700,N00178,ORG-2941,NULL,NULL,U,0,FAIR,A,00:00.0,00:00.0,209036,NULL,5/29/2008,3/31/2009,5/29/2008,NULL,48:05.0,CSIS\GSanders
N0017808D5549,1,18804551,NULL,NULL,48572,NULL,1700,N00178,ORG-2941,NULL,NULL,U,0,FAIR,A,00:00.0,00:00.0,209036,NULL,5/29/2008,3/31/2009,5/29/2008,NULL,48:05.0,CSIS\GSanders
N0017808D5551,1,18804553,NULL,NULL,206049,NULL,1700,N00178,ORG-2941,NULL,NULL,U,0,FAIR,A,00:00.0,00:00.0,209036,NULL,5/29/2008,3/31/2009,5/29/2008,NULL,48:05.0,CSIS\GSanders
N0017808D5552,1,18804554,NULL,NULL,88475,NULL,1700,N00178,ORG-2941,NULL,NULL,U,0,FAIR,A,00:00.0,00:00.0,209036,NULL,5/29/2008,3/31/2009,5/29/2008,NULL,48:05.0,CSIS\GSanders
N0017808D5555,1,18804557,NULL,NULL,4475,NULL,1700,N00178,ORG-2941,NULL,NULL,U,0,FAIR,A,00:00.0,00:00.0,209036,NULL,5/29/2008,3/31/2009,5/29/2008,NULL,48:05.0,CSIS\GSanders
N0017808D5557,1,18804560,NULL,NULL,217776,NULL,1700,N00178,ORG-2941,NULL,NULL,U,0,FAIR,A,00:00.0,00:00.0,209036,NULL,5/29/2008,3/31/2009,5/29/2008,NULL,48:05.0,CSIS\GSanders
N0017808D5558,1,18804561,NULL,NULL,236515,NULL,1700,N00178,ORG-2941,NULL,NULL,U,0,FAIR,A,00:00.0,00:00.0,209036,NULL,5/29/2008,3/31/2009,5/29/2008,NULL,48:05.0,CSIS\GSanders
N0017808D5559,1,18804562,NULL,NULL,4945,NULL,1700,N00178,ORG-2941,NULL,NULL,U,0,FAIR,A,00:00.0,00:00.0,209036,NULL,5/29/2008,3/31/2009,5/29/2008,NULL,48:05.0,CSIS\GSanders
N0017808D5560,1,18804563,NULL,NULL,349490,NULL,1700,N00178,ORG-2941,NULL,NULL,U,0,FAIR,A,00:00.0,00:00.0,209036,NULL,5/29/2008,3/31/2009,5/29/2008,NULL,48:05.0,CSIS\GSanders
N0017808D5561,1,18804564,NULL,NULL,281575,NULL,1700,N00178,ORG-2941,NULL,NULL,U,0,FAIR,A,00:00.0,00:00.0,209036,NULL,5/29/2008,3/31/2009,5/29/2008,NULL,48:05.0,CSIS\GSanders
N0017808D5562,1,18804566,NULL,NULL,162151,NULL,1700,N00178,ORG-2941,NULL,NULL,U,0,FAIR,A,00:00.0,00:00.0,209036,NULL,5/29/2008,3/31/2009,5/29/2008,NULL,48:05.0,CSIS\GSanders
N0017808D5563,1,18804568,NULL,NULL,11522,NULL,1700,N00178,ORG-2941,NULL,NULL,U,0,FAIR,A,00:00.0,00:00.0,209036,NULL,5/29/2008,3/31/2009,5/29/2008,NULL,48:05.0,CSIS\GSanders
N0017808D5564,1,18804569,NULL,NULL,58981,NULL,1700,N00178,ORG-2941,NULL,NULL,U,0,FAIR,A,00:00.0,00:00.0,209036,NULL,5/29/2008,3/31/2009,5/29/2008,NULL,48:05.0,CSIS\GSanders
N0017808D5565,1,18804570,NULL,NULL,389727,NULL,1700,N00178,ORG-2941,NULL,NULL,U,0,FAIR,A,00:00.0,00:00.0,209036,NULL,5/29/2008,3/31/2009,5/29/2008,NULL,48:05.0,CSIS\GSanders
N0017808D5568,1,18804574,NULL,NULL,443654,NULL,1700,N00178,ORG-2941,NULL,NULL,U,0,FAIR,A,00:00.0,00:00.0,209036,NULL,5/29/2008,3/31/2009,5/29/2008,NULL,48:05.0,CSIS\GSanders
N0017808D5571,1,18804577,NULL,NULL,223264,NULL,1700,N00178,ORG-2941,NULL,NULL,U,0,FAIR,A,00:00.0,00:00.0,209036,NULL,5/29/2008,3/31/2009,5/29/2008,NULL,48:05.0,CSIS\GSanders
N0017808D5572,1,18804580,NULL,NULL,109558,NULL,1700,N00178,ORG-2941,NULL,NULL,U,0,FAIR,A,00:00.0,00:00.0,209036,NULL,5/29/2008,3/31/2009,5/29/2008,NULL,48:05.0,CSIS\GSanders
N0017808D5573,1,18804581,NULL,NULL,92082,NULL,1700,N00178,ORG-2941,NULL,NULL,U,0,FAIR,A,00:00.0,00:00.0,209036,NULL,5/29/2008,3/31/2009,5/29/2008,NULL,48:05.0,CSIS\GSanders
N0017808D5574,1,18804583,NULL,NULL,124830,NULL,1700,N00178,ORG-2941,NULL,NULL,U,0,FAIR,A,00:00.0,00:00.0,209036,NULL,5/29/2008,3/31/2009,5/29/2008,NULL,48:05.0,CSIS\GSanders
N0017808D5575,1,18804584,NULL,NULL,334709,NULL,1700,N00178,ORG-2941,NULL,NULL,U,0,FAIR,A,00:00.0,00:00.0,209036,NULL,5/29/2008,3/31/2009,5/29/2008,NULL,48:05.0,CSIS\GSanders
N0017808D5576,1,18804585,NULL,NULL,237984,NULL,1700,N00178,ORG-2941,NULL,NULL,U,0,FAIR,A,00:00.0,00:00.0,209036,NULL,5/29/2008,3/31/2009,5/29/2008,NULL,48:05.0,CSIS\GSanders
N0017808D5577,1,18804586,NULL,NULL,406418,NULL,1700,N00178,ORG-2941,NULL,NULL,U,0,FAIR,A,00:00.0,00:00.0,209036,NULL,5/29/2008,3/31/2009,5/29/2008,NULL,48:05.0,CSIS\GSanders
N0017808D5580,1,18804589,NULL,NULL,355716,NULL,1700,N00178,ORG-2941,NULL,NULL,U,0,FAIR,A,00:00.0,00:00.0,209036,NULL,5/29/2008,3/31/2009,5/29/2008,NULL,48:05.0,CSIS\GSanders
N0017808D5584,1,18804593,NULL,NULL,424561,NULL,1700,N00178,ORG-2941,NULL,NULL,U,0,FAIR,A,00:00.0,00:00.0,209036,NULL,5/29/2008,3/31/2009,5/29/2008,NULL,48:05.0,CSIS\GSanders
N0017808D5585,1,18804595,NULL,NULL,353400,NULL,1700,N00178,ORG-2941,NULL,NULL,U,0,FAIR,A,00:00.0,00:00.0,209036,NULL,5/29/2008,3/31/2009,5/29/2008,NULL,48:05.0,CSIS\GSanders
N0017808D5586,1,18804596,NULL,NULL,167410,NULL,1700,N00178,ORG-2941,NULL,NULL,U,0,FAIR,A,00:00.0,00:00.0,209036,NULL,5/29/2008,3/31/2009,5/29/2008,NULL,48:05.0,CSIS\GSanders
N0017808D5589,1,18804599,NULL,NULL,289191,NULL,1700,N00178,ORG-2941,NULL,NULL,U,0,FAIR,A,00:00.0,00:00.0,209036,NULL,5/29/2008,3/31/2009,5/29/2008,NULL,48:05.0,CSIS\GSanders
N0017808D5590,1,18804600,NULL,NULL,41070,NULL,1700,N00178,ORG-2941,NULL,NULL,U,0,FAIR,A,00:00.0,00:00.0,209036,NULL,5/29/2008,3/31/2009,5/29/2008,NULL,48:05.0,CSIS\GSanders
N0017808D5591,1,18804601,NULL,NULL,14453,NULL,1700,N00178,ORG-2941,NULL,NULL,U,0,FAIR,A,00:00.0,00:00.0,209036,NULL,5/29/2008,3/31/2009,5/29/2008,NULL,48:05.0,CSIS\GSanders
N0017808D5592,1,18804602,NULL,NULL,152569,NULL,1700,N00178,ORG-2941,NULL,NULL,U,0,FAIR,A,00:00.0,00:00.0,209036,NULL,5/29/2008,3/31/2009,5/29/2008,NULL,48:05.0,CSIS\GSanders
N0017808D5593,1,18804603,NULL,NULL,339293,NULL,1700,N00178,ORG-2941,NULL,NULL,U,0,FAIR,A,00:00.0,00:00.0,209036,NULL,5/29/2008,3/31/2009,5/29/2008,NULL,48:05.0,CSIS\GSanders
N0017808D5594,1,18804607,NULL,NULL,376465,NULL,1700,N00178,ORG-2941,NULL,NULL,U,0,FAIR,A,00:00.0,00:00.0,209036,NULL,5/29/2008,3/31/2009,5/29/2008,NULL,48:05.0,CSIS\GSanders
N0017808D5599,1,18804616,NULL,NULL,254348,NULL,1700,N00178,ORG-2941,NULL,NULL,U,0,FAIR,A,00:00.0,00:00.0,209036,NULL,5/29/2008,3/31/2009,5/29/2008,NULL,48:05.0,CSIS\GSanders
N0017808D5600,1,18804618,NULL,NULL,295419,NULL,1700,N00178,ORG-2941,NULL,NULL,U,0,FAIR,A,00:00.0,00:00.0,209036,NULL,5/29/2008,3/31/2009,5/29/2008,NULL,48:05.0,CSIS\GSanders
N0017808D5601,1,18804619,NULL,NULL,77274,NULL,1700,N00178,ORG-2941,NULL,NULL,U,0,FAIR,A,00:00.0,00:00.0,209036,NULL,5/29/2008,3/31/2009,5/29/2008,NULL,48:05.0,CSIS\GSanders
N0017808D5603,1,18804621,NULL,NULL,176316,NULL,1700,N00178,ORG-2941,NULL,NULL,U,0,FAIR,A,00:00.0,00:00.0,209036,NULL,5/29/2008,3/31/2009,5/29/2008,NULL,48:05.0,CSIS\GSanders
N0017808D5604,1,18804624,NULL,NULL,148833,NULL,1700,N00178,ORG-2941,NULL,NULL,U,0,FAIR,A,00:00.0,00:00.0,209036,NULL,5/29/2008,3/31/2009,5/29/2008,NULL,48:05.0,CSIS\GSanders
N0017808D5608,1,18804631,NULL,NULL,336240,NULL,1700,N00178,ORG-2941,NULL,NULL,U,0,FAIR,A,00:00.0,00:00.0,209036,NULL,5/29/2008,3/31/2009,5/29/2008,NULL,48:05.0,CSIS\GSanders
N0017808D5612,1,18804635,NULL,NULL,189743,NULL,1700,N00178,ORG-2941,NULL,NULL,U,0,FAIR,A,00:00.0,00:00.0,209036,NULL,5/29/2008,3/31/2009,5/29/2008,NULL,48:05.0,CSIS\GSanders
N0017808D5613,1,18804637,NULL,NULL,134377,NULL,1700,N00178,ORG-2941,NULL,NULL,U,0,FAIR,A,00:00.0,00:00.0,209036,NULL,5/29/2008,3/31/2009,5/29/2008,NULL,48:05.0,CSIS\GSanders
N0017808D5614,1,18804638,NULL,NULL,15311,NULL,1700,N00178,ORG-2941,NULL,NULL,U,0,FAIR,A,00:00.0,00:00.0,209036,NULL,5/29/2008,3/31/2009,5/29/2008,NULL,48:05.0,CSIS\GSanders
N0017808D5615,1,18804639,NULL,NULL,249090,NULL,1700,N00178,ORG-2941,NULL,NULL,U,0,FAIR,A,00:00.0,00:00.0,209036,NULL,5/29/2008,3/31/2009,5/29/2008,NULL,48:05.0,CSIS\GSanders
N0017808D5617,1,18804641,NULL,NULL,71384,NULL,1700,N00178,ORG-2941,NULL,NULL,U,0,FAIR,A,00:00.0,00:00.0,209036,NULL,5/29/2008,3/31/2009,5/29/2008,NULL,48:05.0,CSIS\GSanders
N0017808D5618,1,18804642,NULL,NULL,163885,NULL,1700,N00178,ORG-2941,NULL,NULL,U,0,FAIR,A,00:00.0,00:00.0,209036,NULL,5/29/2008,3/31/2009,5/29/2008,NULL,48:05.0,CSIS\GSanders
N0017808D5619,1,18804643,NULL,NULL,365507,NULL,1700,N00178,ORG-2941,NULL,NULL,U,0,FAIR,A,00:00.0,00:00.0,209036,NULL,5/29/2008,3/31/2009,5/29/2008,NULL,48:05.0,CSIS\GSanders
N0017808D5620,1,18804645,NULL,NULL,379310,NULL,1700,N00178,ORG-2941,NULL,NULL,U,0,FAIR,A,00:00.0,00:00.0,209036,NULL,5/29/2008,3/31/2009,5/29/2008,NULL,48:05.0,CSIS\GSanders
N0017808D5621,1,18804646,NULL,NULL,315977,NULL,1700,N00178,ORG-2941,NULL,NULL,U,0,FAIR,A,00:00.0,00:00.0,209036,NULL,5/29/2008,3/31/2009,5/29/2008,NULL,48:05.0,CSIS\GSanders
N0017808D5624,1,18804649,NULL,NULL,105007,NULL,1700,N00178,ORG-2941,NULL,NULL,U,0,FAIR,A,00:00.0,00:00.0,209036,NULL,5/29/2008,3/31/2009,5/29/2008,NULL,48:05.0,CSIS\GSanders
N0017808D5625,1,18804650,NULL,NULL,280128,NULL,1700,N00178,ORG-2941,NULL,NULL,U,0,FAIR,A,00:00.0,00:00.0,209036,NULL,5/29/2008,3/31/2009,5/29/2008,NULL,48:05.0,CSIS\GSanders
N0017808D5627,1,18804652,NULL,NULL,264391,NULL,1700,N00178,ORG-2941,NULL,NULL,U,0,FAIR,A,00:00.0,00:00.0,209036,NULL,5/29/2008,3/31/2009,5/29/2008,NULL,48:05.0,CSIS\GSanders
N0017808D5630,1,18804660,NULL,NULL,334525,NULL,1700,N00178,ORG-2941,NULL,NULL,U,0,FAIR,A,00:00.0,00:00.0,209036,NULL,5/29/2008,3/31/2009,5/29/2008,NULL,48:05.0,CSIS\GSanders
N0017808D5632,1,18804662,NULL,NULL,205455,NULL,1700,N00178,ORG-2941,NULL,NULL,U,0,FAIR,A,00:00.0,00:00.0,209036,NULL,5/29/2008,3/31/2009,5/29/2008,NULL,48:05.0,CSIS\GSanders
N0017808D5633,1,18804663,NULL,NULL,98598,NULL,1700,N00178,ORG-2941,NULL,NULL,U,0,FAIR,A,00:00.0,00:00.0,209036,NULL,5/29/2008,3/31/2009,5/29/2008,NULL,48:05.0,CSIS\GSanders
N0017808D5634,1,18804664,NULL,NULL,343139,NULL,1700,N00178,ORG-2941,NULL,NULL,U,0,FAIR,A,00:00.0,00:00.0,209036,NULL,5/29/2008,3/31/2009,5/29/2008,NULL,48:05.0,CSIS\GSanders
N0017808D5635,1,18804666,NULL,NULL,295241,NULL,1700,N00178,ORG-2941,NULL,NULL,U,0,FAIR,A,00:00.0,00:00.0,209036,NULL,5/29/2008,3/31/2009,5/29/2008,NULL,48:05.0,CSIS\GSanders
N0017808D5636,1,18804667,NULL,NULL,405301,NULL,1700,N00178,ORG-2941,NULL,NULL,U,0,FAIR,A,00:00.0,00:00.0,209036,NULL,5/29/2008,3/31/2009,5/29/2008,NULL,48:05.0,CSIS\GSanders
N0017808D5637,1,18804669,NULL,NULL,388877,NULL,1700,N00178,ORG-2941,NULL,NULL,U,0,FAIR,A,00:00.0,00:00.0,209036,NULL,5/29/2008,3/31/2009,5/29/2008,NULL,48:05.0,CSIS\GSanders
N0017808D5638,1,18804670,NULL,NULL,119565,NULL,1700,N00178,ORG-2941,NULL,NULL,U,0,FAIR,A,00:00.0,00:00.0,209036,NULL,5/29/2008,3/31/2009,5/29/2008,NULL,48:05.0,CSIS\GSanders
N0017808D5639,1,18804671,NULL,NULL,69557,NULL,1700,N00178,ORG-2941,NULL,NULL,U,0,FAIR,A,00:00.0,00:00.0,209036,NULL,5/29/2008,3/31/2009,5/29/2008,NULL,48:05.0,CSIS\GSanders
N0017808D5641,1,18804674,NULL,NULL,269367,NULL,1700,N00178,ORG-2941,NULL,NULL,U,0,FAIR,A,00:00.0,00:00.0,209036,NULL,5/29/2008,3/31/2009,5/29/2008,NULL,48:05.0,CSIS\GSanders
N0017808D5643,1,18804676,NULL,NULL,349819,NULL,1700,N00178,ORG-2941,NULL,NULL,U,0,FAIR,A,00:00.0,00:00.0,209036,NULL,5/29/2008,3/31/2009,5/29/2008,NULL,48:05.0,CSIS\GSanders
N0017808D5645,1,18804678,NULL,NULL,379665,NULL,1700,N00178,ORG-2941,NULL,NULL,U,0,FAIR,A,00:00.0,00:00.0,209036,NULL,5/29/2008,3/31/2009,5/29/2008,NULL,48:05.0,CSIS\GSanders
N0017808D5646,1,18804679,NULL,NULL,260127,NULL,1700,N00178,ORG-2941,NULL,NULL,U,0,FAIR,A,00:00.0,00:00.0,209036,NULL,5/29/2008,3/31/2009,5/29/2008,NULL,48:05.0,CSIS\GSanders
N0017808D5647,1,18804680,NULL,NULL,270634,NULL,1700,N00178,ORG-2941,NULL,NULL,U,0,FAIR,A,00:00.0,00:00.0,209036,NULL,5/29/2008,3/31/2009,5/29/2008,NULL,48:05.0,CSIS\GSanders
N0017808D5648,1,18804681,NULL,NULL,193029,NULL,1700,N00178,ORG-2941,NULL,NULL,U,0,FAIR,A,00:00.0,00:00.0,209036,NULL,5/29/2008,3/31/2009,5/29/2008,NULL,48:05.0,CSIS\GSanders
N0017808D5649,1,18804682,NULL,NULL,326001,NULL,1700,N00178,ORG-2941,NULL,NULL,U,0,FAIR,A,00:00.0,00:00.0,209036,NULL,5/29/2008,3/31/2009,5/29/2008,NULL,48:05.0,CSIS\GSanders
N0017808D5651,1,18804684,NULL,NULL,203768,NULL,1700,N00178,ORG-2941,NULL,NULL,U,0,FAIR,A,00:00.0,00:00.0,209036,NULL,5/29/2008,3/31/2009,5/29/2008,NULL,48:05.0,CSIS\GSanders
N0017809D5652,1,18804731,NULL,NULL,90463,NULL,1700,N00178,ORG-2941,NULL,NULL,U,0,FAIR,A,00:00.0,00:00.0,209037,NULL,12/19/2008,3/31/2009,12/19/2008,NULL,48:05.0,CSIS\GSanders
N0017809D5653,1,18804732,NULL,NULL,152359,NULL,1700,N00178,ORG-2941,NULL,NULL,U,0,FAIR,A,00:00.0,00:00.0,209037,NULL,12/19/2008,3/31/2009,12/19/2008,NULL,48:05.0,CSIS\GSanders
N0017809D5655,1,18804736,NULL,NULL,81748,NULL,1700,N00178,ORG-2941,NULL,NULL,U,0,FAIR,A,00:00.0,00:00.0,209037,NULL,12/19/2008,3/31/2009,12/19/2008,NULL,48:05.0,CSIS\GSanders
N0017809D5656,1,18804737,NULL,NULL,406996,NULL,1700,N00178,ORG-2941,NULL,NULL,U,0,FAIR,A,00:00.0,00:00.0,209037,NULL,12/19/2008,3/31/2009,12/19/2008,NULL,48:05.0,CSIS\GSanders
N0017809D5657,1,18804738,NULL,NULL,291200,NULL,1700,N00178,ORG-2941,NULL,NULL,U,0,FAIR,A,00:00.0,00:00.0,209037,NULL,12/19/2008,3/31/2009,12/19/2008,NULL,48:05.0,CSIS\GSanders
N0017809D5658,1,18804739,NULL,NULL,353025,NULL,1700,N00178,ORG-2941,NULL,NULL,U,0,FAIR,A,00:00.0,00:00.0,209037,NULL,12/19/2008,3/31/2009,12/19/2008,NULL,48:05.0,CSIS\GSanders
N0017809D5659,1,18804740,NULL,NULL,204715,NULL,1700,N00178,ORG-2941,NULL,NULL,U,0,FAIR,A,00:00.0,00:00.0,209037,NULL,12/19/2008,3/31/2009,12/19/2008,NULL,48:05.0,CSIS\GSanders
N0017809D5660,1,18804741,NULL,NULL,105280,NULL,1700,N00178,ORG-2941,NULL,NULL,U,0,FAIR,A,00:00.0,00:00.0,209037,NULL,12/19/2008,3/31/2009,12/19/2008,NULL,48:05.0,CSIS\GSanders
N0017809D5663,1,18804745,NULL,NULL,391908,NULL,1700,N00178,ORG-2941,NULL,NULL,U,0,FAIR,A,00:00.0,00:00.0,209037,NULL,12/19/2008,3/31/2009,12/19/2008,NULL,48:05.0,CSIS\GSanders
N0017809D5664,1,18804746,NULL,NULL,299389,NULL,1700,N00178,ORG-2941,NULL,NULL,U,0,FAIR,A,00:00.0,00:00.0,209037,NULL,12/19/2008,3/31/2009,12/19/2008,NULL,48:05.0,CSIS\GSanders
N0017809D5665,1,18804747,NULL,NULL,101384,NULL,1700,N00178,ORG-2941,NULL,NULL,U,0,FAIR,A,00:00.0,00:00.0,209037,NULL,12/19/2008,3/31/2009,12/19/2008,NULL,48:05.0,CSIS\GSanders
N0017809D5666,1,18804748,NULL,NULL,229431,NULL,1700,N00178,ORG-2941,NULL,NULL,U,0,FAIR,A,00:00.0,00:00.0,209037,NULL,12/19/2008,3/31/2009,12/19/2008,NULL,48:05.0,CSIS\GSanders
N0017809D5668,1,18804750,NULL,NULL,5835,NULL,1700,N00178,ORG-2941,NULL,NULL,U,0,FAIR,A,00:00.0,00:00.0,209037,NULL,12/19/2008,3/31/2009,12/19/2008,NULL,48:05.0,CSIS\GSanders
N0017809D5669,1,18804751,NULL,NULL,354680,NULL,1700,N00178,ORG-2941,NULL,NULL,U,0,FAIR,A,00:00.0,00:00.0,209037,NULL,12/19/2008,3/31/2009,12/19/2008,NULL,48:05.0,CSIS\GSanders
N0017809D5670,1,18804752,NULL,NULL,21090,NULL,1700,N00178,ORG-2941,NULL,NULL,U,0,FAIR,A,00:00.0,00:00.0,209037,NULL,12/19/2008,3/31/2009,12/19/2008,NULL,48:05.0,CSIS\GSanders
N0017809D5671,1,18804753,NULL,NULL,182868,NULL,1700,N00178,ORG-2941,NULL,NULL,U,0,FAIR,A,00:00.0,00:00.0,209037,NULL,12/19/2008,3/31/2009,12/19/2008,NULL,48:05.0,CSIS\GSanders
N0017809D5672,1,18804754,NULL,NULL,325489,NULL,1700,N00178,ORG-2941,NULL,NULL,U,0,FAIR,A,00:00.0,00:00.0,209037,NULL,12/19/2008,3/31/2009,12/19/2008,NULL,48:05.0,CSIS\GSanders
N0017809D5673,1,18804755,NULL,NULL,51874,NULL,1700,N00178,ORG-2941,NULL,NULL,U,0,FAIR,A,00:00.0,00:00.0,209037,NULL,12/19/2008,3/31/2009,12/19/2008,NULL,48:05.0,CSIS\GSanders
N0017809D5674,1,18804756,NULL,NULL,404282,NULL,1700,N00178,ORG-2941,NULL,NULL,U,0,FAIR,A,00:00.0,00:00.0,209037,NULL,12/19/2008,3/31/2009,12/19/2008,NULL,48:05.0,CSIS\GSanders
N0017809D5675,1,18804757,NULL,NULL,321513,NULL,1700,N00178,ORG-2941,NULL,NULL,U,0,FAIR,A,00:00.0,00:00.0,209037,NULL,12/19/2008,3/31/2009,12/19/2008,NULL,48:05.0,CSIS\GSanders
N0017809D5676,1,18804758,NULL,NULL,38630,NULL,1700,N00178,ORG-2941,NULL,NULL,U,0,FAIR,A,00:00.0,00:00.0,209037,NULL,12/19/2008,3/31/2009,12/19/2008,NULL,48:05.0,CSIS\GSanders
N0017809D5677,1,18804759,NULL,NULL,194168,NULL,1700,N00178,ORG-2941,NULL,NULL,U,0,FAIR,A,00:00.0,00:00.0,209037,NULL,12/19/2008,3/31/2009,12/19/2008,NULL,48:05.0,CSIS\GSanders
N0017809D5678,1,18804770,NULL,NULL,13165,NULL,1700,N00178,ORG-2941,NULL,NULL,U,0,FAIR,A,00:00.0,00:00.0,209037,NULL,12/19/2008,3/31/2009,12/19/2008,NULL,48:05.0,CSIS\GSanders
N0017809D5681,1,18804773,NULL,NULL,199639,NULL,1700,N00178,ORG-2941,NULL,NULL,U,0,FAIR,A,00:00.0,00:00.0,209037,NULL,12/19/2008,3/31/2009,12/19/2008,NULL,48:05.0,CSIS\GSanders
N0017809D5682,1,18804774,NULL,NULL,355248,NULL,1700,N00178,ORG-2941,NULL,NULL,U,0,FAIR,A,00:00.0,00:00.0,209037,NULL,12/19/2008,3/31/2009,12/19/2008,NULL,48:05.0,CSIS\GSanders
N0017809D5683,1,18804775,NULL,NULL,33097,NULL,1700,N00178,ORG-2941,NULL,NULL,U,0,FAIR,A,00:00.0,00:00.0,209037,NULL,12/19/2008,3/31/2009,12/19/2008,NULL,48:05.0,CSIS\GSanders
N0017809D5684,1,18804776,NULL,NULL,252527,NULL,1700,N00178,ORG-2941,NULL,NULL,U,0,FAIR,A,00:00.0,00:00.0,209037,NULL,12/19/2008,3/31/2009,12/19/2008,NULL,48:05.0,CSIS\GSanders
N0017809D5685,1,18804777,NULL,NULL,88160,NULL,1700,N00178,ORG-2941,NULL,NULL,U,0,FAIR,A,00:00.0,00:00.0,209037,NULL,12/19/2008,3/31/2009,12/19/2008,NULL,48:05.0,CSIS\GSanders
N0017809D5687,1,18804779,NULL,NULL,138669,NULL,1700,N00178,ORG-2941,NULL,NULL,U,0,FAIR,A,00:00.0,00:00.0,209037,NULL,12/19/2008,3/31/2009,12/19/2008,NULL,48:05.0,CSIS\GSanders
N0017809D5688,1,18804780,NULL,NULL,17939,NULL,1700,N00178,ORG-2941,NULL,NULL,U,0,FAIR,A,00:00.0,00:00.0,209037,NULL,12/19/2008,3/31/2009,12/19/2008,NULL,48:05.0,CSIS\GSanders
N0017809D5689,1,18804781,NULL,NULL,66692,NULL,1700,N00178,ORG-2941,NULL,NULL,U,0,FAIR,A,00:00.0,00:00.0,209037,NULL,12/19/2008,3/31/2009,12/19/2008,NULL,48:05.0,CSIS\GSanders
N0017809D5690,1,18804784,NULL,NULL,52315,NULL,1700,N00178,ORG-2941,NULL,NULL,U,0,FAIR,A,00:00.0,00:00.0,209037,NULL,12/19/2008,3/31/2009,12/19/2008,NULL,48:05.0,CSIS\GSanders
N0017809D5692,1,18804786,NULL,NULL,135550,NULL,1700,N00178,ORG-2941,NULL,NULL,U,0,FAIR,A,00:00.0,00:00.0,209037,NULL,12/19/2008,3/31/2009,12/19/2008,NULL,48:05.0,CSIS\GSanders
N0017809D5693,1,18804787,NULL,NULL,24909,NULL,1700,N00178,ORG-2941,NULL,NULL,U,0,FAIR,A,00:00.0,00:00.0,209037,NULL,12/19/2008,3/31/2009,12/19/2008,NULL,48:05.0,CSIS\GSanders
N0017809D5695,1,18804789,NULL,NULL,280083,NULL,1700,N00178,ORG-2941,NULL,NULL,U,0,FAIR,A,00:00.0,00:00.0,209037,NULL,12/19/2008,3/31/2009,12/19/2008,NULL,48:05.0,CSIS\GSanders
N0017809D5696,1,18804790,NULL,NULL,174022,NULL,1700,N00178,ORG-2941,NULL,NULL,U,0,FAIR,A,00:00.0,00:00.0,209037,NULL,12/19/2008,3/31/2009,12/19/2008,NULL,48:05.0,CSIS\GSanders
N0017809D5697,1,18804791,NULL,NULL,83674,NULL,1700,N00178,ORG-2941,NULL,NULL,U,0,FAIR,A,00:00.0,00:00.0,209037,NULL,12/19/2008,3/31/2009,12/19/2008,NULL,48:05.0,CSIS\GSanders
N0017809D5698,1,18804792,NULL,NULL,348019,NULL,1700,N00178,ORG-2941,NULL,NULL,U,0,FAIR,A,00:00.0,00:00.0,209037,NULL,12/19/2008,3/31/2009,12/19/2008,NULL,48:05.0,CSIS\GSanders
N0017809D5699,1,18804793,NULL,NULL,336798,NULL,1700,N00178,ORG-2941,NULL,NULL,U,0,FAIR,A,00:00.0,00:00.0,209037,NULL,12/19/2008,3/31/2009,12/19/2008,NULL,48:05.0,CSIS\GSanders
N0017809D5700,1,18804794,NULL,NULL,278522,NULL,1700,N00178,ORG-2941,NULL,NULL,U,0,FAIR,A,00:00.0,00:00.0,209037,NULL,12/19/2008,3/31/2009,12/19/2008,NULL,48:05.0,CSIS\GSanders
N0017809D5702,1,18804796,NULL,NULL,145587,NULL,1700,N00178,ORG-2941,NULL,NULL,U,0,FAIR,A,00:00.0,00:00.0,209037,NULL,12/19/2008,3/31/2009,12/19/2008,NULL,48:05.0,CSIS\GSanders
N0017809D5703,1,18804797,NULL,NULL,21604,NULL,1700,N00178,ORG-2941,NULL,NULL,U,0,FAIR,A,00:00.0,00:00.0,209037,NULL,12/19/2008,3/31/2009,12/19/2008,NULL,48:05.0,CSIS\GSanders
N0017809D5704,1,18804798,NULL,NULL,325183,NULL,1700,N00178,ORG-2941,NULL,NULL,U,0,FAIR,A,00:00.0,00:00.0,209037,NULL,12/19/2008,3/31/2009,12/19/2008,NULL,48:05.0,CSIS\GSanders
N0017809D5706,1,18804800,NULL,NULL,64651,NULL,1700,N00178,ORG-2941,NULL,NULL,U,0,FAIR,A,00:00.0,00:00.0,209037,NULL,12/19/2008,3/31/2009,12/19/2008,NULL,48:05.0,CSIS\GSanders
N0017809D5707,1,18804801,NULL,NULL,430776,NULL,1700,N00178,ORG-2941,NULL,NULL,U,0,FAIR,A,00:00.0,00:00.0,209037,NULL,12/19/2008,3/31/2009,12/19/2008,NULL,48:05.0,CSIS\GSanders
N0017809D5708,1,18804802,NULL,NULL,302090,NULL,1700,N00178,ORG-2941,NULL,NULL,U,0,FAIR,A,00:00.0,00:00.0,209037,NULL,12/19/2008,3/31/2009,12/19/2008,NULL,48:05.0,CSIS\GSanders
N0017809D5710,1,18804804,NULL,NULL,168527,NULL,1700,N00178,ORG-2941,NULL,NULL,U,0,FAIR,A,00:00.0,00:00.0,209037,NULL,12/19/2008,3/31/2009,12/19/2008,NULL,48:05.0,CSIS\GSanders
N0017809D5711,1,18804805,NULL,NULL,442353,NULL,1700,N00178,ORG-2941,NULL,NULL,U,0,FAIR,A,00:00.0,00:00.0,209037,NULL,12/19/2008,3/31/2009,12/19/2008,NULL,48:05.0,CSIS\GSanders
N0017809D5712,1,18804806,NULL,NULL,355815,NULL,1700,N00178,ORG-2941,NULL,NULL,U,0,FAIR,A,00:00.0,00:00.0,209037,NULL,12/19/2008,3/31/2009,12/19/2008,NULL,48:05.0,CSIS\GSanders
N0017809D5713,1,18804807,NULL,NULL,13894,NULL,1700,N00178,ORG-2941,NULL,NULL,U,0,FAIR,A,00:00.0,00:00.0,209037,NULL,12/19/2008,3/31/2009,12/19/2008,NULL,48:05.0,CSIS\GSanders
N0017809D5714,1,18804808,NULL,NULL,271346,NULL,1700,N00178,ORG-2941,NULL,NULL,U,0,FAIR,A,00:00.0,00:00.0,209037,NULL,12/19/2008,3/31/2009,12/19/2008,NULL,48:05.0,CSIS\GSanders
N0017809D5715,1,18804809,NULL,NULL,30105,NULL,1700,N00178,ORG-2941,NULL,NULL,U,0,FAIR,A,00:00.0,00:00.0,209037,NULL,12/19/2008,3/31/2009,12/19/2008,NULL,48:05.0,CSIS\GSanders
N0017809D5717,1,18804811,NULL,NULL,292113,NULL,1700,N00178,ORG-2941,NULL,NULL,U,0,FAIR,A,00:00.0,00:00.0,209037,NULL,12/19/2008,3/31/2009,12/19/2008,NULL,48:05.0,CSIS\GSanders
N0017809D5718,1,18804812,NULL,NULL,290717,NULL,1700,N00178,ORG-2941,NULL,NULL,U,0,FAIR,A,00:00.0,00:00.0,209037,NULL,12/19/2008,3/31/2009,12/19/2008,NULL,48:05.0,CSIS\GSanders
N0017809D5719,1,18804813,NULL,NULL,277530,NULL,1700,N00178,ORG-2941,NULL,NULL,U,0,FAIR,A,00:00.0,00:00.0,209037,NULL,12/19/2008,3/31/2009,12/19/2008,NULL,48:05.0,CSIS\GSanders
N0017809D5720,1,18804814,NULL,NULL,301978,NULL,1700,N00178,ORG-2941,NULL,NULL,U,0,FAIR,A,00:00.0,00:00.0,209037,NULL,12/19/2008,3/31/2009,12/19/2008,NULL,48:05.0,CSIS\GSanders
N0017809D5721,1,18804815,NULL,NULL,66458,NULL,1700,N00178,ORG-2941,NULL,NULL,U,0,FAIR,A,00:00.0,00:00.0,209037,NULL,12/19/2008,3/31/2009,12/19/2008,NULL,48:05.0,CSIS\GSanders
N0017809D5722,1,18804817,NULL,NULL,179544,NULL,1700,N00178,ORG-2941,NULL,NULL,U,0,FAIR,A,00:00.0,00:00.0,209037,NULL,12/19/2008,3/31/2009,12/19/2008,NULL,48:05.0,CSIS\GSanders
N0017809D5723,1,18804818,NULL,NULL,305857,NULL,1700,N00178,ORG-2941,NULL,NULL,U,0,FAIR,A,00:00.0,00:00.0,209037,NULL,12/19/2008,3/31/2009,12/19/2008,NULL,48:05.0,CSIS\GSanders
N0017809D5724,1,18804819,NULL,NULL,423989,NULL,1700,N00178,ORG-2941,NULL,NULL,U,0,FAIR,A,00:00.0,00:00.0,209037,NULL,12/19/2008,3/31/2009,12/19/2008,NULL,48:05.0,CSIS\GSanders
N0017809D5725,1,18804820,NULL,NULL,160025,NULL,1700,N00178,ORG-2941,NULL,NULL,U,0,FAIR,A,00:00.0,00:00.0,209037,NULL,12/19/2008,3/31/2009,12/19/2008,NULL,48:05.0,CSIS\GSanders
N0017809D5726,1,18804821,NULL,NULL,269690,NULL,1700,N00178,ORG-2941,NULL,NULL,U,0,FAIR,A,00:00.0,00:00.0,209037,NULL,12/19/2008,3/31/2009,12/19/2008,NULL,48:05.0,CSIS\GSanders
N0017809D5727,1,18804822,NULL,NULL,242389,NULL,1700,N00178,ORG-2941,NULL,NULL,U,0,FAIR,A,00:00.0,00:00.0,209037,NULL,12/19/2008,3/31/2009,12/19/2008,NULL,48:05.0,CSIS\GSanders
N0017809D5728,1,18804823,NULL,NULL,272025,NULL,1700,N00178,ORG-2941,NULL,NULL,U,0,FAIR,A,00:00.0,00:00.0,209037,NULL,12/19/2008,3/31/2009,12/19/2008,NULL,48:05.0,CSIS\GSanders
N0017809D5729,1,18804824,NULL,NULL,76742,NULL,1700,N00178,ORG-2941,NULL,NULL,U,0,FAIR,A,00:00.0,00:00.0,209037,NULL,12/19/2008,3/31/2009,12/19/2008,NULL,48:05.0,CSIS\GSanders
N0017809D5730,1,18804825,NULL,NULL,95955,NULL,1700,N00178,ORG-2941,NULL,NULL,U,0,FAIR,A,00:00.0,00:00.0,209037,NULL,12/19/2008,3/31/2009,12/19/2008,NULL,48:05.0,CSIS\GSanders
N0017809D5731,1,18804827,NULL,NULL,325193,NULL,1700,N00178,ORG-2941,NULL,NULL,U,0,FAIR,A,00:00.0,00:00.0,209037,NULL,12/19/2008,3/31/2009,12/19/2008,NULL,48:05.0,CSIS\GSanders
N0017809D5733,1,18804829,NULL,NULL,357547,NULL,NULL,NULL,ORG-2941,NULL,NULL,U,0,FAIR,A,00:00.0,00:00.0,209037,NULL,12/19/2008,4/4/2009,6/29/2011,NULL,48:05.0,CSIS\GSanders
N0017809D5734,1,18804830,NULL,NULL,303881,NULL,1700,N00178,ORG-2941,NULL,NULL,U,0,FAIR,A,00:00.0,00:00.0,209037,NULL,12/19/2008,3/31/2009,12/19/2008,NULL,48:05.0,CSIS\GSanders
N0017809D5737,1,18804833,NULL,NULL,124852,NULL,1700,N00178,ORG-2941,NULL,NULL,U,0,FAIR,A,00:00.0,00:00.0,209037,NULL,12/19/2008,3/31/2009,12/19/2008,NULL,48:05.0,CSIS\GSanders
N0017809D5738,1,18804837,NULL,NULL,240538,NULL,1700,N00178,ORG-2941,NULL,NULL,U,0,FAIR,A,00:00.0,00:00.0,209037,NULL,12/19/2008,3/31/2009,12/19/2008,NULL,48:05.0,CSIS\GSanders
N0017809D5739,1,18804838,NULL,NULL,256025,NULL,1700,N00178,ORG-2941,NULL,NULL,U,0,FAIR,A,00:00.0,00:00.0,209037,NULL,12/19/2008,3/31/2009,12/19/2008,NULL,48:05.0,CSIS\GSanders
N0017809D5740,1,18804839,NULL,NULL,295081,NULL,1700,N00178,ORG-2941,NULL,NULL,U,0,FAIR,A,00:00.0,00:00.0,209037,NULL,12/19/2008,3/31/2009,12/19/2008,NULL,48:05.0,CSIS\GSanders
N0017809D5741,1,18804840,NULL,NULL,399933,NULL,1700,N00178,ORG-2941,NULL,NULL,U,0,FAIR,A,00:00.0,00:00.0,209037,NULL,12/19/2008,3/31/2009,12/19/2008,NULL,48:05.0,CSIS\GSanders
N0017809D5743,1,18804842,NULL,NULL,3867,NULL,1700,N00178,ORG-2941,NULL,NULL,U,0,FAIR,A,00:00.0,00:00.0,209037,NULL,12/19/2008,3/31/2009,12/19/2008,NULL,48:05.0,CSIS\GSanders
N0017809D5744,1,18804843,NULL,NULL,266119,NULL,1700,N00178,ORG-2941,NULL,NULL,U,0,FAIR,A,00:00.0,00:00.0,209037,NULL,12/19/2008,3/31/2009,12/19/2008,NULL,48:05.0,CSIS\GSanders
N0017809D5745,1,18804844,NULL,NULL,293356,NULL,1700,N00178,ORG-2941,NULL,NULL,U,0,FAIR,A,00:00.0,00:00.0,209037,NULL,12/19/2008,3/31/2009,12/19/2008,NULL,48:05.0,CSIS\GSanders
N0017809D5748,1,18804847,NULL,NULL,422699,NULL,1700,N00178,ORG-2941,NULL,NULL,U,0,FAIR,A,00:00.0,00:00.0,209037,NULL,12/19/2008,3/31/2009,12/19/2008,NULL,48:05.0,CSIS\GSanders
N0017809D5749,1,18804848,NULL,NULL,336366,NULL,1700,N00178,ORG-2941,NULL,NULL,U,0,FAIR,A,00:00.0,00:00.0,209037,NULL,12/19/2008,3/31/2009,12/19/2008,NULL,48:05.0,CSIS\GSanders
N0017809D5751,1,18804851,NULL,NULL,424091,NULL,1700,N00178,ORG-2941,NULL,NULL,U,0,FAIR,A,00:00.0,00:00.0,209037,NULL,12/19/2008,3/31/2009,12/19/2008,NULL,48:05.0,CSIS\GSanders
N0017809D5752,1,18804852,NULL,NULL,413159,NULL,1700,N00178,ORG-2941,NULL,NULL,U,0,FAIR,A,00:00.0,00:00.0,209037,NULL,12/19/2008,3/31/2009,12/19/2008,NULL,48:05.0,CSIS\GSanders
N0017809D5755,1,18804854,NULL,NULL,354138,NULL,1700,N00178,ORG-2941,NULL,NULL,U,0,FAIR,A,00:00.0,00:00.0,209037,NULL,12/19/2008,3/31/2009,12/19/2008,NULL,48:05.0,CSIS\GSanders
N0017809D5756,1,18804855,NULL,NULL,143413,NULL,1700,N00178,ORG-2941,NULL,NULL,U,0,FAIR,A,00:00.0,00:00.0,209037,NULL,12/19/2008,3/31/2009,12/19/2008,NULL,48:05.0,CSIS\GSanders
N0017809D5759,1,18804858,NULL,NULL,90096,NULL,1700,N00178,ORG-2941,NULL,NULL,U,0,FAIR,A,00:00.0,00:00.0,209037,NULL,12/19/2008,3/31/2009,12/19/2008,NULL,48:05.0,CSIS\GSanders
N0017809D5760,1,18804859,NULL,NULL,440288,NULL,1700,N00178,ORG-2941,NULL,NULL,U,0,FAIR,A,00:00.0,00:00.0,209037,NULL,12/19/2008,3/31/2009,12/19/2008,NULL,48:05.0,CSIS\GSanders
N0017809D5763,1,18804862,NULL,NULL,105335,NULL,1700,N00178,ORG-2941,NULL,NULL,U,0,FAIR,A,00:00.0,00:00.0,209037,NULL,12/19/2008,3/31/2009,12/19/2008,NULL,48:05.0,CSIS\GSanders
N0017809D5764,1,18804863,NULL,NULL,286579,NULL,1700,N00178,ORG-2941,NULL,NULL,U,0,FAIR,A,00:00.0,00:00.0,209037,NULL,12/19/2008,3/31/2009,12/19/2008,NULL,48:05.0,CSIS\GSanders
N0017809D5765,1,18804864,NULL,NULL,29142,NULL,1700,N00178,ORG-2941,NULL,NULL,U,0,FAIR,A,00:00.0,00:00.0,209037,NULL,12/19/2008,3/31/2009,12/19/2008,NULL,48:05.0,CSIS\GSanders
N0017809D5766,1,18804865,NULL,NULL,6023,NULL,1700,N00178,ORG-2941,NULL,NULL,U,0,FAIR,A,00:00.0,00:00.0,209037,NULL,12/19/2008,3/31/2009,12/19/2008,NULL,48:05.0,CSIS\GSanders
N0017809D5767,1,18804866,NULL,NULL,257289,NULL,1700,N00178,ORG-2941,NULL,NULL,U,0,FAIR,A,00:00.0,00:00.0,209037,NULL,12/19/2008,3/31/2009,12/19/2008,NULL,48:05.0,CSIS\GSanders
N0017809D5768,1,18804867,NULL,NULL,166013,NULL,1700,N00178,ORG-2941,NULL,NULL,U,0,FAIR,A,00:00.0,00:00.0,209037,NULL,12/19/2008,3/31/2009,12/19/2008,NULL,48:05.0,CSIS\GSanders
N0017809D5769,1,18804868,NULL,NULL,432463,NULL,1700,N00178,ORG-2941,NULL,NULL,U,0,FAIR,A,00:00.0,00:00.0,209037,NULL,12/19/2008,3/31/2009,12/19/2008,NULL,48:05.0,CSIS\GSanders
N0017809D5770,1,18804869,NULL,NULL,407629,NULL,1700,N00178,ORG-2941,NULL,NULL,U,0,FAIR,A,00:00.0,00:00.0,209037,NULL,12/19/2008,3/31/2009,12/19/2008,NULL,48:05.0,CSIS\GSanders
N0017809D5771,1,18804870,NULL,NULL,100508,NULL,1700,N00178,ORG-2941,NULL,NULL,U,0,FAIR,A,00:00.0,00:00.0,209037,NULL,12/19/2008,3/31/2009,12/19/2008,NULL,48:05.0,CSIS\GSanders
N0017809D5772,1,18804872,NULL,NULL,210963,NULL,1700,N00178,ORG-2941,NULL,NULL,U,0,FAIR,A,00:00.0,00:00.0,209037,NULL,12/19/2008,3/31/2009,12/19/2008,NULL,48:05.0,CSIS\GSanders
N0017809D5775,1,18804875,NULL,NULL,417889,NULL,1700,N00178,ORG-2941,NULL,NULL,U,0,FAIR,A,00:00.0,00:00.0,209037,NULL,12/19/2008,3/31/2009,12/19/2008,NULL,48:05.0,CSIS\GSanders
N0017809D5776,1,18804876,NULL,NULL,118645,NULL,1700,N00178,ORG-2941,NULL,NULL,U,0,FAIR,A,00:00.0,00:00.0,209037,NULL,12/19/2008,3/31/2009,12/19/2008,NULL,48:05.0,CSIS\GSanders
N0017809D5778,1,18804879,NULL,NULL,251269,NULL,1700,N00178,ORG-2941,NULL,NULL,U,0,FAIR,A,00:00.0,00:00.0,209037,NULL,12/19/2008,3/31/2009,12/19/2008,NULL,48:05.0,CSIS\GSanders
N0017809D5780,1,18804881,NULL,NULL,25839,NULL,1700,N00178,ORG-2941,NULL,NULL,U,0,FAIR,A,00:00.0,00:00.0,209037,NULL,12/19/2008,3/31/2009,12/19/2008,NULL,48:05.0,CSIS\GSanders
N0017809D5781,1,18804882,NULL,NULL,17835,NULL,1700,N00178,ORG-2941,NULL,NULL,U,0,FAIR,A,00:00.0,00:00.0,209037,NULL,12/19/2008,3/31/2009,12/19/2008,NULL,48:05.0,CSIS\GSanders
N0017809D5782,1,18804883,NULL,NULL,421299,NULL,1700,N00178,ORG-2941,NULL,NULL,U,0,FAIR,A,00:00.0,00:00.0,209037,NULL,12/19/2008,3/31/2009,12/19/2008,NULL,48:05.0,CSIS\GSanders
N0017809D5784,1,18804886,NULL,NULL,97416,NULL,1700,N00178,ORG-2941,NULL,NULL,U,0,FAIR,A,00:00.0,00:00.0,209037,NULL,12/19/2008,3/31/2009,12/19/2008,NULL,48:05.0,CSIS\GSanders
N0017809D5785,1,18804887,NULL,NULL,324581,NULL,1700,N00178,ORG-2941,NULL,NULL,U,0,FAIR,A,00:00.0,00:00.0,209037,NULL,12/19/2008,3/31/2009,12/19/2008,NULL,48:05.0,CSIS\GSanders
N0017809D5786,1,18804888,NULL,NULL,170735,NULL,1700,N00178,ORG-2941,NULL,NULL,U,0,FAIR,A,00:00.0,00:00.0,209037,NULL,12/19/2008,3/31/2009,12/19/2008,NULL,48:05.0,CSIS\GSanders
N0017809D5787,1,18804889,NULL,NULL,358832,NULL,1700,N00178,ORG-2941,NULL,NULL,U,0,FAIR,A,00:00.0,00:00.0,209037,NULL,12/19/2008,3/31/2009,12/19/2008,NULL,48:05.0,CSIS\GSanders
N0017809D5788,1,18804890,NULL,NULL,155215,NULL,1700,N00178,ORG-2941,NULL,NULL,U,0,FAIR,A,00:00.0,00:00.0,209037,NULL,12/19/2008,3/31/2009,12/19/2008,NULL,48:05.0,CSIS\GSanders
N0017809D5792,1,18804894,NULL,NULL,86031,NULL,1700,N00178,ORG-2941,NULL,NULL,U,0,FAIR,A,00:00.0,00:00.0,209037,NULL,12/19/2008,3/31/2009,12/19/2008,NULL,48:05.0,CSIS\GSanders
N0017809D5793,1,18804895,NULL,NULL,120279,NULL,1700,N00178,ORG-2941,NULL,NULL,U,0,FAIR,A,00:00.0,00:00.0,209037,NULL,12/19/2008,3/31/2009,12/19/2008,NULL,48:05.0,CSIS\GSanders
N0017809D5794,1,18804897,NULL,NULL,287538,NULL,1700,N00178,ORG-2941,NULL,NULL,U,0,FAIR,A,00:00.0,00:00.0,209037,NULL,12/19/2008,3/31/2009,12/19/2008,NULL,48:05.0,CSIS\GSanders
N0017809D5795,1,18804900,NULL,NULL,218023,NULL,1700,N00178,ORG-2941,NULL,NULL,U,0,FAIR,A,00:00.0,00:00.0,209037,NULL,12/19/2008,3/31/2009,12/19/2008,NULL,48:05.0,CSIS\GSanders
N0017809D5796,1,18804901,NULL,NULL,349048,NULL,1700,N00178,ORG-2941,NULL,NULL,U,0,FAIR,A,00:00.0,00:00.0,209037,NULL,12/19/2008,3/31/2009,12/19/2008,NULL,48:05.0,CSIS\GSanders
N0017809D5797,1,18804902,NULL,NULL,381401,NULL,1700,N00178,ORG-2941,NULL,NULL,U,0,FAIR,A,00:00.0,00:00.0,209037,NULL,12/19/2008,3/31/2009,12/19/2008,NULL,48:05.0,CSIS\GSanders
N0017809D5798,1,18804903,NULL,NULL,25896,NULL,1700,N00178,ORG-2941,NULL,NULL,U,0,FAIR,A,00:00.0,00:00.0,209037,NULL,12/19/2008,3/31/2009,12/19/2008,NULL,48:05.0,CSIS\GSanders
N0017809D5799,1,18804904,NULL,NULL,202387,NULL,1700,N00178,ORG-2941,NULL,NULL,U,0,FAIR,A,00:00.0,00:00.0,209037,NULL,12/19/2008,3/31/2009,12/19/2008,NULL,48:05.0,CSIS\GSanders
N0017809D5800,1,18804905,NULL,NULL,53824,NULL,1700,N00178,ORG-2941,NULL,NULL,U,0,FAIR,A,00:00.0,00:00.0,209037,NULL,12/19/2008,3/31/2009,12/19/2008,NULL,48:05.0,CSIS\GSanders
N0017809D5801,1,18804906,NULL,NULL,52544,NULL,1700,N00178,ORG-2941,NULL,NULL,U,0,FAIR,A,00:00.0,00:00.0,209037,NULL,12/19/2008,3/31/2009,12/19/2008,NULL,48:05.0,CSIS\GSanders
N0017809D5802,1,18804907,NULL,NULL,363418,NULL,1700,N00178,ORG-2941,NULL,NULL,U,0,FAIR,A,00:00.0,00:00.0,209037,NULL,12/19/2008,3/31/2009,12/19/2008,NULL,48:05.0,CSIS\GSanders
N0017809D5803,1,18804908,NULL,NULL,183832,NULL,1700,N00178,ORG-2941,NULL,NULL,U,0,FAIR,A,00:00.0,00:00.0,209037,NULL,12/19/2008,3/31/2009,12/19/2008,NULL,48:05.0,CSIS\GSanders
N0017809D5805,1,18804910,NULL,NULL,97755,NULL,1700,N00178,ORG-2941,NULL,NULL,U,0,FAIR,A,00:00.0,00:00.0,209037,NULL,12/19/2008,3/31/2009,12/19/2008,NULL,48:05.0,CSIS\GSanders
N0017809D5806,1,18804911,NULL,NULL,226102,NULL,1700,N00178,ORG-2941,NULL,NULL,U,0,FAIR,A,00:00.0,00:00.0,209037,NULL,12/19/2008,3/31/2009,12/19/2008,NULL,48:05.0,CSIS\GSanders
N0017809D5807,1,18804912,NULL,NULL,290083,NULL,1700,N00178,ORG-2941,NULL,NULL,U,0,FAIR,A,00:00.0,00:00.0,209037,NULL,12/19/2008,3/31/2009,12/19/2008,NULL,48:05.0,CSIS\GSanders
N0017809D5808,1,18804913,NULL,NULL,16823,NULL,1700,N00178,ORG-2941,NULL,NULL,U,0,FAIR,A,00:00.0,00:00.0,209037,NULL,12/19/2008,3/31/2009,12/19/2008,NULL,48:05.0,CSIS\GSanders
N0017809D5810,1,18804915,NULL,NULL,117649,NULL,1700,N00178,ORG-2941,NULL,NULL,U,0,FAIR,A,00:00.0,00:00.0,209037,NULL,12/19/2008,3/31/2009,12/19/2008,NULL,48:05.0,CSIS\GSanders
N0017809D5811,1,18804916,NULL,NULL,270171,NULL,1700,N00178,ORG-2941,NULL,NULL,U,0,FAIR,A,00:00.0,00:00.0,209037,NULL,12/19/2008,3/31/2009,12/19/2008,NULL,48:05.0,CSIS\GSanders
N0017809D5813,1,18804918,NULL,NULL,214216,NULL,1700,N00178,ORG-2941,NULL,NULL,U,0,FAIR,A,00:00.0,00:00.0,209037,NULL,12/19/2008,3/31/2009,12/19/2008,NULL,48:05.0,CSIS\GSanders
N0017809D5814,1,18804919,NULL,NULL,431753,NULL,1700,N00178,ORG-2941,NULL,NULL,U,0,FAIR,A,00:00.0,00:00.0,209037,NULL,12/19/2008,3/31/2009,12/19/2008,NULL,48:05.0,CSIS\GSanders
N0017809D5815,1,18804921,NULL,NULL,418618,NULL,1700,N00178,ORG-2941,NULL,NULL,U,0,FAIR,A,00:00.0,00:00.0,209037,NULL,12/19/2008,3/31/2009,12/19/2008,NULL,48:05.0,CSIS\GSanders
N0017809D5817,1,18804924,NULL,NULL,389761,NULL,1700,N00178,ORG-2941,NULL,NULL,U,0,FAIR,A,00:00.0,00:00.0,209037,NULL,12/19/2008,3/31/2009,12/19/2008,NULL,48:05.0,CSIS\GSanders
N0017809D5818,1,18804925,NULL,NULL,386167,NULL,1700,N00178,ORG-2941,NULL,NULL,U,0,FAIR,A,00:00.0,00:00.0,209037,NULL,12/19/2008,3/31/2009,12/19/2008,NULL,48:05.0,CSIS\GSanders
N0017809D5819,1,18804927,NULL,NULL,398947,NULL,1700,N00178,ORG-2941,NULL,NULL,U,0,FAIR,A,00:00.0,00:00.0,209037,NULL,12/19/2008,3/31/2009,12/19/2008,NULL,48:05.0,CSIS\GSanders
N0017809D5821,1,18804929,NULL,NULL,168346,NULL,1700,N00178,ORG-2941,NULL,NULL,U,0,FAIR,A,00:00.0,00:00.0,209037,NULL,12/19/2008,3/31/2009,12/19/2008,NULL,48:05.0,CSIS\GSanders
N0017809D5822,1,18804931,NULL,NULL,381349,NULL,1700,N00178,ORG-2941,NULL,NULL,U,0,FAIR,A,00:00.0,00:00.0,209037,NULL,12/19/2008,3/31/2009,12/19/2008,NULL,48:05.0,CSIS\GSanders
N0017809D5823,1,18804933,NULL,NULL,138786,NULL,1700,N00178,ORG-2941,NULL,NULL,U,0,FAIR,A,00:00.0,00:00.0,209037,NULL,12/19/2008,3/31/2009,12/19/2008,NULL,48:05.0,CSIS\GSanders
N0017809D5824,1,18804934,NULL,NULL,127802,NULL,1700,N00178,ORG-2941,NULL,NULL,U,0,FAIR,A,00:00.0,00:00.0,209037,NULL,12/19/2008,3/31/2009,12/19/2008,NULL,48:05.0,CSIS\GSanders
N0017809D5826,1,18804936,NULL,NULL,216227,NULL,1700,N00178,ORG-2941,NULL,NULL,U,0,FAIR,A,00:00.0,00:00.0,209037,NULL,12/19/2008,3/31/2009,12/19/2008,NULL,48:05.0,CSIS\GSanders
N0017809D5827,1,18804937,NULL,NULL,4018,NULL,1700,N00178,ORG-2941,NULL,NULL,U,0,FAIR,A,00:00.0,00:00.0,209037,NULL,12/19/2008,3/31/2009,12/19/2008,NULL,48:05.0,CSIS\GSanders
N0017809D5828,1,18804938,NULL,NULL,354043,NULL,1700,N00178,ORG-2941,NULL,NULL,U,0,FAIR,A,00:00.0,00:00.0,209037,NULL,12/19/2008,3/31/2009,12/19/2008,NULL,48:05.0,CSIS\GSanders
N0017809D5830,1,18804940,NULL,NULL,438001,NULL,1700,N00178,ORG-2941,NULL,NULL,U,0,FAIR,A,00:00.0,00:00.0,209037,NULL,12/19/2008,3/31/2009,12/19/2008,NULL,48:05.0,CSIS\GSanders
N0017809D5831,1,18804941,NULL,NULL,5087,NULL,1700,N00178,ORG-2941,NULL,NULL,U,0,FAIR,A,00:00.0,00:00.0,209037,NULL,12/19/2008,3/31/2009,12/19/2008,NULL,48:05.0,CSIS\GSanders
N0017809D5833,1,18804943,NULL,NULL,229102,NULL,1700,N00178,ORG-2941,NULL,NULL,U,0,FAIR,A,00:00.0,00:00.0,209037,NULL,12/19/2008,3/31/2009,12/19/2008,NULL,48:05.0,CSIS\GSanders
N0017809D5834,1,18804944,NULL,NULL,202362,NULL,1700,N00178,ORG-2941,NULL,NULL,U,0,FAIR,A,00:00.0,00:00.0,209037,NULL,12/19/2008,3/31/2009,12/19/2008,NULL,48:05.0,CSIS\GSanders
N0017809D5835,1,18804945,NULL,NULL,374010,NULL,1700,N00178,ORG-2941,NULL,NULL,U,0,FAIR,A,00:00.0,00:00.0,209037,NULL,12/19/2008,3/31/2009,12/19/2008,NULL,48:05.0,CSIS\GSanders
N0017809D5836,1,18804946,NULL,NULL,41257,NULL,1700,N00178,ORG-2941,NULL,NULL,U,0,FAIR,A,00:00.0,00:00.0,209037,NULL,12/19/2008,3/31/2009,12/19/2008,NULL,48:05.0,CSIS\GSanders
N0017809D5837,1,18804947,NULL,NULL,36554,NULL,1700,N00178,ORG-2941,NULL,NULL,U,0,FAIR,A,00:00.0,00:00.0,209037,NULL,12/19/2008,3/31/2009,12/19/2008,NULL,48:05.0,CSIS\GSanders
N0017809D5838,1,18804948,NULL,NULL,101734,NULL,1700,N00178,ORG-2941,NULL,NULL,U,0,FAIR,A,00:00.0,00:00.0,209037,NULL,12/19/2008,3/31/2009,12/19/2008,NULL,48:05.0,CSIS\GSanders
N0017809D5839,1,18804949,NULL,NULL,347810,NULL,1700,N00178,ORG-2941,NULL,NULL,U,0,FAIR,A,00:00.0,00:00.0,209037,NULL,12/19/2008,3/31/2009,12/19/2008,NULL,48:05.0,CSIS\GSanders
N0017809D5840,1,18804950,NULL,NULL,66066,NULL,1700,N00178,ORG-2941,NULL,NULL,U,0,FAIR,A,00:00.0,00:00.0,209037,NULL,12/19/2008,3/31/2009,12/19/2008,NULL,48:05.0,CSIS\GSanders
N0017809D5841,1,18804951,NULL,NULL,150626,NULL,1700,N00178,ORG-2941,NULL,NULL,U,0,FAIR,A,00:00.0,00:00.0,209037,NULL,12/19/2008,3/31/2009,12/19/2008,NULL,48:05.0,CSIS\GSanders
N0017809D5842,1,18804952,NULL,NULL,165707,NULL,1700,N00178,ORG-2941,NULL,NULL,U,0,FAIR,A,00:00.0,00:00.0,209037,NULL,12/19/2008,3/31/2009,12/19/2008,NULL,48:05.0,CSIS\GSanders
N0017809D5844,1,18804954,NULL,NULL,86931,NULL,1700,N00178,ORG-2941,NULL,NULL,U,0,FAIR,A,00:00.0,00:00.0,209037,NULL,12/19/2008,3/31/2009,12/19/2008,NULL,48:05.0,CSIS\GSanders
N0017809D5845,1,18804955,NULL,NULL,434983,NULL,1700,N00178,ORG-2941,NULL,NULL,U,0,FAIR,A,00:00.0,00:00.0,209037,NULL,12/19/2008,3/31/2009,12/19/2008,NULL,48:05.0,CSIS\GSanders
N0017809D5846,1,18804956,NULL,NULL,421886,NULL,1700,N00178,ORG-2941,NULL,NULL,U,0,FAIR,A,00:00.0,00:00.0,209037,NULL,12/19/2008,3/31/2009,12/19/2008,NULL,48:05.0,CSIS\GSanders
N0017809D5847,1,18804957,NULL,NULL,103985,NULL,1700,N00178,ORG-2941,NULL,NULL,U,0,FAIR,A,00:00.0,00:00.0,209037,NULL,12/19/2008,3/31/2009,12/19/2008,NULL,48:05.0,CSIS\GSanders
N0017809D5849,1,18804959,NULL,NULL,316804,NULL,1700,N00178,ORG-2941,NULL,NULL,U,0,FAIR,A,00:00.0,00:00.0,209037,NULL,12/19/2008,3/31/2009,12/19/2008,NULL,48:05.0,CSIS\GSanders
N0017809D5850,1,18804960,NULL,NULL,405160,NULL,1700,N00178,ORG-2941,NULL,NULL,U,0,FAIR,A,00:00.0,00:00.0,209037,NULL,12/19/2008,3/31/2009,12/19/2008,NULL,48:05.0,CSIS\GSanders
N0017809D5851,1,18804961,NULL,NULL,138111,NULL,NULL,NULL,ORG-2941,NULL,NULL,U,0,FAIR,A,00:00.0,00:00.0,209037,NULL,12/19/2008,4/4/2009,9/22/2014,NULL,48:05.0,CSIS\GSanders
W91ZLK07D0110,5,25052556,NULL,NULL,222630,NULL,2100,W91ZLK,ORG-2876,NULL,NULL,Y,0,,A,00:00.0,00:00.0,1346579,NULL,7/25/2007,11/30/2008,6/26/2008,NULL,48:05.0,CSIS\GSanders
W912UM05D0016,5,24892248,NULL,NULL,57058,NULL,2100,W912UM,ORG-2872,NULL,NULL,J,0,FAIR,A,00:00.0,00:00.0,1318356,NULL,9/25/2009,6/1/2012,6/14/2011,NULL,48:05.0,CSIS\GSanders
W912UM09D0034,2,24893130,NULL,NULL,360378,NULL,2100,W912UM,ORG-2872,NULL,NULL,J,0,FAIR,A,00:00.0,00:00.0,1318439,NULL,9/30/2009,12/31/2011,4/12/2012,NULL,48:05.0,CSIS\GSanders
,W912QR08C0053,8488622,NULL,NULL,23356,NULL,2100,W912QR,ORG-2872,NULL,NULL,J,0,,A,00:00.0,00:00.0,1317081,NULL,9/29/2008,3/29/2012,11/15/2011,NULL,48:05.0,CSIS\GSanders
,HT940211C0003,2566952,NULL,NULL,23356,NULL,NULL,HT9402,NULL,NULL,NULL,U,0,,A,00:00.0,00:00.0,151708,NULL,3/3/2011,3/31/2017,9/30/2014,NULL,48:05.0,CSIS\GSanders
W912UM05D0014,3,24892236,NULL,NULL,246960,NULL,2100,W912UM,ORG-2872,NULL,NULL,J,0,FOO,A,00:00.0,00:00.0,1318356,NULL,4/29/2008,12/26/2010,7/8/2010,NULL,48:05.0,CSIS\GSanders
,FA862508C6451,1416567,NULL,NULL,23356,NULL,NULL,NULL,ORG-2825,NULL,NULL,NULL,379,,A,00:00.0,00:00.0,NULL,NULL,2/29/2008,12/7/2011,7/2/2012,1,48:05.0,CSIS\GSanders
